string_ubigeo_descripcion,int_ubigeo_departamento,int_ubigeo_provincia,int_ubigeo_distrito,int_ubigeo_dependecia,float_ubigeo_latitud,float_ubigeo_longitud
AMAZONAS,1,0,0,0,-16.399,-71.5364
ANCASH,1,0,0,0,-16.399,-71.5364
APURIMAC,1,0,0,0,-16.399,-71.5364
AREQUIPA,1,0,0,0,-16.399,-71.5364
AYACUCHO,1,0,0,0,-16.399,-71.5364
CAJAMARCA,1,0,0,0,-16.399,-71.5364
CUSCO,1,0,0,0,-16.399,-71.5364
HUANCAVELICA,1,0,0,0,-16.399,-71.5364
HUANUCO,1,0,0,0,-16.399,-71.5364
ICA,1,0,0,0,-16.399,-71.5364
JUNIN,1,0,0,0,-16.399,-71.5364
LA LIBERTAD,1,0,0,0,-16.399,-71.5364
LAMBAYEQUE,1,0,0,0,-16.399,-71.5364
LIMA,1,0,0,0,-16.399,-71.5364
LORETO,1,0,0,0,-16.399,-71.5364
MADRE DE DIOS,1,0,0,0,-16.399,-71.5364
MOQUEGUA,1,0,0,0,-16.399,-71.5364
PASCO,1,0,0,0,-16.399,-71.5364
PIURA,1,0,0,0,-16.399,-71.5364
PUNO,1,0,0,0,-16.399,-71.5364
SAN MARTIN,1,0,0,0,-16.399,-71.5364
TACNA,1,0,0,0,-16.399,-71.5364
TUMBES,1,0,0,0,-16.399,-71.5364
UCAYALI,1,0,0,0,-16.399,-71.5364
PROV. CONST. DEL CALLAO,1,0,0,0,-16.399,-71.5364
BAGUA,0,1,0,1,-16.399,-71.5364
BONGARA,0,1,0,1,-16.399,-71.5364
CHACHAPOYAS,0,1,0,1,-16.399,-71.5364
CONDORCANQUI,0,1,0,1,-16.399,-71.5364
LUYA,0,1,0,1,-16.399,-71.5364
RODRIGUEZ DE MENDOZA,0,1,0,1,-16.399,-71.5364
UTCUBAMBA,0,1,0,1,-16.399,-71.5364
AIJA,0,1,0,2,-16.399,-71.5364
ANTONIO RAYMONDI,0,1,0,2,-16.399,-71.5364
ASUNCION,0,1,0,2,-16.399,-71.5364
BOLOGNESI,0,1,0,2,-16.399,-71.5364
CARHUAZ,0,1,0,2,-16.399,-71.5364
CARLOS FERMIN FITZCARRALD,0,1,0,2,-16.399,-71.5364
CASMA,0,1,0,2,-16.399,-71.5364
CORONGO,0,1,0,2,-16.399,-71.5364
HUARAZ,0,1,0,2,-16.399,-71.5364
HUARI,0,1,0,2,-16.399,-71.5364
HUARMEY,0,1,0,2,-16.399,-71.5364
HUAYLAS,0,1,0,2,-16.399,-71.5364
MARISCAL LUZURIAGA,0,1,0,2,-16.399,-71.5364
OCROS,0,1,0,2,-16.399,-71.5364
PALLASCA,0,1,0,2,-16.399,-71.5364
POMABAMBA,0,1,0,2,-16.399,-71.5364
RECUAY,0,1,0,2,-16.399,-71.5364
SANTA,0,1,0,2,-16.399,-71.5364
SIHUAS,0,1,0,2,-16.399,-71.5364
YUNGAY,0,1,0,2,-16.399,-71.5364
ABANCAY,0,1,0,3,-16.399,-71.5364
ANDAHUAYLAS,0,1,0,3,-16.399,-71.5364
ANTABAMBA,0,1,0,3,-16.399,-71.5364
AYMARAES,0,1,0,3,-16.399,-71.5364
CHINCHEROS,0,1,0,3,-16.399,-71.5364
COTABAMBAS,0,1,0,3,-16.399,-71.5364
GRAU,0,1,0,3,-16.399,-71.5364
AREQUIPA,0,1,0,4,-16.399,-71.5364
CAMANA,0,1,0,4,-16.399,-71.5364
CARAVELI,0,1,0,4,-16.399,-71.5364
CASTILLA,0,1,0,4,-16.399,-71.5364
CAYLLOMA,0,1,0,4,-16.399,-71.5364
CONDESUYOS,0,1,0,4,-16.399,-71.5364
ISLAY,0,1,0,4,-16.399,-71.5364
LA UNION,0,1,0,4,-16.399,-71.5364
HUAMANGA,0,1,0,5,-16.399,-71.5364
CANGALLO,0,1,0,5,-16.399,-71.5364
HUANCA SANCOS,0,1,0,5,-16.399,-71.5364
HUANTA,0,1,0,5,-16.399,-71.5364
LA MAR,0,1,0,5,-16.399,-71.5364
LUCANAS,0,1,0,5,-16.399,-71.5364
PARINACOCHAS,0,1,0,5,-16.399,-71.5364
PAUCAR DEL SARA SARA,0,1,0,5,-16.399,-71.5364
SUCRE,0,1,0,5,-16.399,-71.5364
VICTOR FAJARDO,0,1,0,5,-16.399,-71.5364
VILCAS HUAMAN,0,1,0,5,-16.399,-71.5364
CAJAMARCA,0,1,0,6,-16.399,-71.5364
CAJABAMBA,0,1,0,6,-16.399,-71.5364
CELENDIN,0,1,0,6,-16.399,-71.5364
CHOTA,0,1,0,6,-16.399,-71.5364
CONTUMAZA,0,1,0,6,-16.399,-71.5364
CUTERVO,0,1,0,6,-16.399,-71.5364
HUALGAYOC,0,1,0,6,-16.399,-71.5364
JAEN,0,1,0,6,-16.399,-71.5364
SAN IGNACIO,0,1,0,6,-16.399,-71.5364
SAN MARCOS,0,1,0,6,-16.399,-71.5364
SAN MIGUEL,0,1,0,6,-16.399,-71.5364
"SAN PABLO	",0,1,0,6,-16.399,-71.5364
"SANTA CRUZ	",0,1,0,6,-16.399,-71.5364
CUSCO,0,1,0,7,-16.399,-71.5364
ACOMAYO,0,1,0,7,-16.399,-71.5364
ANTA,0,1,0,7,-16.399,-71.5364
CALCA,0,1,0,7,-16.399,-71.5364
CANAS,0,1,0,7,-16.399,-71.5364
CANCHIS,0,1,0,7,-16.399,-71.5364
CHUMBIVILCAS,0,1,0,7,-16.399,-71.5364
ESPINAR,0,1,0,7,-16.399,-71.5364
LA CONVENCION,0,1,0,7,-16.399,-71.5364
"PARURO	",0,1,0,7,-16.399,-71.5364
PAUCARTAMBO,0,1,0,7,-16.399,-71.5364
QUISPICANCHI,0,1,0,7,-16.399,-71.5364
URUBAMBA,0,1,0,7,-16.399,-71.5364
HUANCAVELICA,0,1,0,8,-16.399,-71.5364
ACOBAMBA,0,1,0,8,-16.399,-71.5364
ANGARAES,0,1,0,8,-16.399,-71.5364
CASTROVIRREYNA,0,1,0,8,-16.399,-71.5364
CHURCAMPA,0,1,0,8,-16.399,-71.5364
HUAYTARA,0,1,0,8,-16.399,-71.5364
TAYACAJA,0,1,0,8,-16.399,-71.5364
HUANUCO,0,1,0,9,-16.399,-71.5364
AMBO,0,1,0,9,-16.399,-71.5364
DOS DE MAYO,0,1,0,9,-16.399,-71.5364
HUACAYBAMBA,0,1,0,9,-16.399,-71.5364
HUAMALIES,0,1,0,9,-16.399,-71.5364
LEONCIO PRADO,0,1,0,9,-16.399,-71.5364
MARAÑON,0,1,0,9,-16.399,-71.5364
PACHITEA,0,1,0,9,-16.399,-71.5364
PUERTO INCA,0,1,0,9,-16.399,-71.5364
LAURICOCHA,0,1,0,9,-16.399,-71.5364
YAROWILCA,0,1,0,9,-16.399,-71.5364
ICA,0,1,0,10,-16.399,-71.5364
CHINCHA,0,1,0,10,-16.399,-71.5364
NAZCA,0,1,0,10,-16.399,-71.5364
PALPA,0,1,0,10,-16.399,-71.5364
PISCO,0,1,0,10,-16.399,-71.5364
HUANCAYO,0,1,0,11,-16.399,-71.5364
CONCEPCION,0,1,0,11,-16.399,-71.5364
CHANCHAMAYO,0,1,0,11,-16.399,-71.5364
JAUJA,0,1,0,11,-16.399,-71.5364
JUNIN,0,1,0,11,-16.399,-71.5364
SATIPO,0,1,0,11,-16.399,-71.5364
TARMA,0,1,0,11,-16.399,-71.5364
YAULI,0,1,0,11,-16.399,-71.5364
CHUPACA,0,1,0,11,-16.399,-71.5364
TRUJILLO,0,1,0,12,-16.399,-71.5364
ASCOPE,0,1,0,12,-16.399,-71.5364
BOLIVAR,0,1,0,12,-16.399,-71.5364
CHEPEN,0,1,0,12,-16.399,-71.5364
JULCAN,0,1,0,12,-16.399,-71.5364
OTUZCO,0,1,0,12,-16.399,-71.5364
PACASMAYO,0,1,0,12,-16.399,-71.5364
PATAZ,0,1,0,12,-16.399,-71.5364
SANCHEZ CARRION,0,1,0,12,-16.399,-71.5364
SANTIAGO DE CHUCO,0,1,0,12,-16.399,-71.5364
GRAN CHIMU,0,1,0,12,-16.399,-71.5364
VIRU,0,1,0,12,-16.399,-71.5364
CHICLAYO,0,1,0,13,-16.399,-71.5364
FERREÑAFE,0,1,0,13,-16.399,-71.5364
LAMBAYEQUE,0,1,0,13,-16.399,-71.5364
LIMA,0,1,0,14,-16.399,-71.5364
BARRANCA,0,1,0,14,-16.399,-71.5364
CAJATAMBO,0,1,0,14,-16.399,-71.5364
CANTA,0,1,0,14,-16.399,-71.5364
CAÑETE,0,1,0,14,-16.399,-71.5364
HUARAL,0,1,0,14,-16.399,-71.5364
HUAROCHIRI,0,1,0,14,-16.399,-71.5364
HUAURA,0,1,0,14,-16.399,-71.5364
OYON,0,1,0,14,-16.399,-71.5364
YAUYOS,0,1,0,14,-16.399,-71.5364
MAYNAS,0,1,0,15,-16.399,-71.5364
ALTO AMAZONAS,0,1,0,15,-16.399,-71.5364
LORETO,0,1,0,15,-16.399,-71.5364
MARISCAL RAMON CASTILLA,0,1,0,15,-16.399,-71.5364
REQUENA,0,1,0,15,-16.399,-71.5364
UCAYALI,0,1,0,15,-16.399,-71.5364
DATEM DEL MARAÑON,0,1,0,15,-16.399,-71.5364
TAMBOPATA,0,1,0,16,-16.399,-71.5364
MANU,0,1,0,16,-16.399,-71.5364
TAHUAMANU,0,1,0,16,-16.399,-71.5364
MARISCAL NIETO,0,1,0,17,-16.399,-71.5364
GENERAL SANCHEZ CERRO,0,1,0,17,-16.399,-71.5364
ILO,0,1,0,17,-16.399,-71.5364
PASCO,0,1,0,18,-16.399,-71.5364
DANIEL ALCIDES CARRION,0,1,0,18,-16.399,-71.5364
OXAPAMPA,0,1,0,18,-16.399,-71.5364
PIURA,0,1,0,19,-16.399,-71.5364
AYABACA,0,1,0,19,-16.399,-71.5364
HUANCABAMBA,0,1,0,19,-16.399,-71.5364
MORROPON,0,1,0,19,-16.399,-71.5364
PAITA,0,1,0,19,-16.399,-71.5364
SULLANA,0,1,0,19,-16.399,-71.5364
TALARA,0,1,0,19,-16.399,-71.5364
SECHURA,0,1,0,19,-16.399,-71.5364
PUNO,0,1,0,20,-16.399,-71.5364
AZANGARO,0,1,0,20,-16.399,-71.5364
CARABAYA,0,1,0,20,-16.399,-71.5364
CHUCUITO,0,1,0,20,-16.399,-71.5364
EL COLLAO,0,1,0,20,-16.399,-71.5364
HUANCANE,0,1,0,20,-16.399,-71.5364
LAMPA,0,1,0,20,-16.399,-71.5364
MELGAR,0,1,0,20,-16.399,-71.5364
MOHO,0,1,0,20,-16.399,-71.5364
SAN ANTONIO DE PUTINA,0,1,0,20,-16.399,-71.5364
SAN ROMAN,0,1,0,20,-16.399,-71.5364
SANDIA,0,1,0,20,-16.399,-71.5364
YUNGUYO,0,1,0,20,-16.399,-71.5364
MOYOBAMBA,0,1,0,21,-16.399,-71.5364
BELLAVISTA,0,1,0,21,-16.399,-71.5364
EL DORADO,0,1,0,21,-16.399,-71.5364
HUALLAGA,0,1,0,21,-16.399,-71.5364
LAMAS,0,1,0,21,-16.399,-71.5364
MARISCAL CACERES,0,1,0,21,-16.399,-71.5364
PICOTA,0,1,0,21,-16.399,-71.5364
RIOJA,0,1,0,21,-16.399,-71.5364
SAN MARTIN,0,1,0,21,-16.399,-71.5364
TOCACHE,0,1,0,21,-16.399,-71.5364
TACNA,0,1,0,22,-16.399,-71.5364
ANDARAVE,0,1,0,22,-16.399,-71.5364
JORGE BASADRE,0,1,0,22,-16.399,-71.5364
TARATA,0,1,0,22,-16.399,-71.5364
TUMBES,0,1,0,23,-16.399,-71.5364
CONTRALMIRANTE VILLAR,0,1,0,23,-16.399,-71.5364
ZARUMILLA,0,1,0,23,-16.399,-71.5364
CORONEL PORTILLO,0,1,0,24,-16.399,-71.5364
ATALAYA,0,1,0,24,-16.399,-71.5364
PADRE ABAD,0,1,0,24,-16.399,-71.5364
PURUS,0,1,0,24,-16.399,-71.5364
PROV. CONST. DEL CALLAO,0,1,0,25,-16.399,-71.5364
CHACHAPOYAS,0,0,1,28,-16.399,-71.5364
ASUNCION,0,0,1,28,-16.399,-71.5364
BALSAS,0,0,1,28,-16.399,-71.5364
CHETO,0,0,1,28,-16.399,-71.5364
CHILIQUIN,0,0,1,28,-16.399,-71.5364
CHUQUIBAMBA,0,0,1,28,-16.399,-71.5364
GRANADA,0,0,1,28,-16.399,-71.5364
HUANCAS,0,0,1,28,-16.399,-71.5364
LA JALCA,0,0,1,28,-16.399,-71.5364
LEIMEBAMBA,0,0,1,28,-16.399,-71.5364
LEVANTO,0,0,1,28,-16.399,-71.5364
MAGDALENA,0,0,1,28,-16.399,-71.5364
MARISCAL CASTILLA,0,0,1,28,-16.399,-71.5364
MOLINOPAMPA,0,0,1,28,-16.399,-71.5364
MONTEVIDEO,0,0,1,28,-16.399,-71.5364
OLLEROS,0,0,1,28,-16.399,-71.5364
QUINJALCA,0,0,1,28,-16.399,-71.5364
SAN FRANCISCO DE DAGUAS,0,0,1,28,-16.399,-71.5364
SAN ISIDRO DE MAINO,0,0,1,28,-16.399,-71.5364
SOLOCO,0,0,1,28,-16.399,-71.5364
SONCHE,0,0,1,28,-16.399,-71.5364
BAGUA,0,0,1,26,-16.399,-71.5364
ARAMANGO,0,0,1,26,-16.399,-71.5364
COPALLIN,0,0,1,26,-16.399,-71.5364
EL PARCO,0,0,1,26,-16.399,-71.5364
IMAZA,0,0,1,26,-16.399,-71.5364
LA PECA,0,0,1,26,-16.399,-71.5364
JUMBILLA,0,0,1,27,-16.399,-71.5364
CHISQUILLA,0,0,1,27,-16.399,-71.5364
CHURUJA,0,0,1,27,-16.399,-71.5364
COROSHA,0,0,1,27,-16.399,-71.5364
CUISPES,0,0,1,27,-16.399,-71.5364
FLORIDA,0,0,1,27,-16.399,-71.5364
JAZAN,0,0,1,27,-16.399,-71.5364
RECTA,0,0,1,27,-16.399,-71.5364
SAN CARLOS,0,0,1,27,-16.399,-71.5364
SHIPASBAMBA,0,0,1,27,-16.399,-71.5364
VALERA,0,0,1,27,-16.399,-71.5364
YAMBRASBAMBA,0,0,1,27,-16.399,-71.5364
NIEVA,0,0,1,29,-16.399,-71.5364
EL CENEPA,0,0,1,29,-16.399,-71.5364
RIO SANTIAGO,0,0,1,29,-16.399,-71.5364
LAMUD,0,0,1,30,-16.399,-71.5364
CAMPORREDONDO,0,0,1,30,-16.399,-71.5364
COCABAMBA,0,0,1,30,-16.399,-71.5364
COLCAMAR,0,0,1,30,-16.399,-71.5364
CONILA,0,0,1,30,-16.399,-71.5364
INGUILPATA,0,0,1,30,-16.399,-71.5364
LONGUITA,0,0,1,30,-16.399,-71.5364
LONYA CHICO,0,0,1,30,-16.399,-71.5364
LUYA,0,0,1,30,-16.399,-71.5364
LUYA VIEJO,0,0,1,30,-16.399,-71.5364
MARIA,0,0,1,30,-16.399,-71.5364
OCALLI,0,0,1,30,-16.399,-71.5364
OCUMAL,0,0,1,30,-16.399,-71.5364
PISUQUIA,0,0,1,30,-16.399,-71.5364
PROVIDENCIA,0,0,1,30,-16.399,-71.5364
SAN CRISTOBAL,0,0,1,30,-16.399,-71.5364
SAN FRANCISCO DEL YESO,0,0,1,30,-16.399,-71.5364
SAN JERONIMO,0,0,1,30,-16.399,-71.5364
SAN JUAN DE LOPECANCHA,0,0,1,30,-16.399,-71.5364
SANTA CATALINA,0,0,1,30,-16.399,-71.5364
SANTO TOMAS,0,0,1,30,-16.399,-71.5364
TINGO,0,0,1,30,-16.399,-71.5364
TRITA,0,0,1,30,-16.399,-71.5364
SAN NICOLAS,0,0,1,31,-16.399,-71.5364
CHIRIMOTO,0,0,1,31,-16.399,-71.5364
COCHAMAL,0,0,1,31,-16.399,-71.5364
HUAMBO,0,0,1,31,-16.399,-71.5364
LIMABAMBA,0,0,1,31,-16.399,-71.5364
LONGAR,0,0,1,31,-16.399,-71.5364
MARISCAL BENAVIDES,0,0,1,31,-16.399,-71.5364
MILPUC,0,0,1,31,-16.399,-71.5364
OMIA,0,0,1,31,-16.399,-71.5364
SANTA ROSA,0,0,1,31,-16.399,-71.5364
TOTORA,0,0,1,31,-16.399,-71.5364
VISTA ALEGRE,0,0,1,31,-16.399,-71.5364
BAGUA GRANDE,0,0,1,32,-16.399,-71.5364
CAJARURO,0,0,1,32,-16.399,-71.5364
CUMBA,0,0,1,32,-16.399,-71.5364
EL MILAGRO,0,0,1,32,-16.399,-71.5364
JAMALCA,0,0,1,32,-16.399,-71.5364
LONYA GRANDE,0,0,1,32,-16.399,-71.5364
YAMON,0,0,1,32,-16.399,-71.5364
AIJA,0,0,1,33,-16.399,-71.5364
CORIS,0,0,1,33,-16.399,-71.5364
HUACLLAN,0,0,1,33,-16.399,-71.5364
LA MERCED,0,0,1,33,-16.399,-71.5364
SUCCHA,0,0,1,33,-16.399,-71.5364
LLAMELLIN,0,0,1,34,-16.399,-71.5364
ACZO,0,0,1,34,-16.399,-71.5364
CHACCHO,0,0,1,34,-16.399,-71.5364
CHINGAS,0,0,1,34,-16.399,-71.5364
MIRGAS,0,0,1,34,-16.399,-71.5364
SAN JUAN DE RONTOY,0,0,1,34,-16.399,-71.5364
CHACAS,0,0,1,35,-16.399,-71.5364
ACOCHACA,0,0,1,35,-16.399,-71.5364
CHIQUIAN,0,0,1,36,-16.399,-71.5364
ABELARDO PARDO LEZAMETA,0,0,1,36,-16.399,-71.5364
ANTONIO RAYMONDI,0,0,1,36,-16.399,-71.5364
AQUIA,0,0,1,36,-16.399,-71.5364
CAJACAY,0,0,1,36,-16.399,-71.5364
CANIS,0,0,1,36,-16.399,-71.5364
COLQUIOC,0,0,1,36,-16.399,-71.5364
HUALLANCA,0,0,1,36,-16.399,-71.5364
HUASTA,0,0,1,36,-16.399,-71.5364
HUAYLLACAYAN,0,0,1,36,-16.399,-71.5364
LA PRIMAVERA,0,0,1,36,-16.399,-71.5364
MANGAS,0,0,1,36,-16.399,-71.5364
PACLLON,0,0,1,36,-16.399,-71.5364
SAN MIGUEL DE CORPANQUI,0,0,1,36,-16.399,-71.5364
TICLLOS,0,0,1,36,-16.399,-71.5364
CARHUAZ,0,0,1,37,-16.399,-71.5364
ACOPAMPA,0,0,1,37,-16.399,-71.5364
AMASHCA,0,0,1,37,-16.399,-71.5364
ANTA,0,0,1,37,-16.399,-71.5364
ATAQUERO,0,0,1,37,-16.399,-71.5364
MARCARA,0,0,1,37,-16.399,-71.5364
PARIAHUANCA,0,0,1,37,-16.399,-71.5364
SAN MIGUEL DE ACO,0,0,1,37,-16.399,-71.5364
SHILLA,0,0,1,37,-16.399,-71.5364
TINCO,0,0,1,37,-16.399,-71.5364
YUNGAR,0,0,1,37,-16.399,-71.5364
SAN LUIS,0,0,1,38,-16.399,-71.5364
SAN NICOLAS,0,0,1,38,-16.399,-71.5364
YAUYA,0,0,1,38,-16.399,-71.5364
CASMA,0,0,1,39,-16.399,-71.5364
BUENA VISTA ALTA,0,0,1,39,-16.399,-71.5364
COMANDANTE NOEL,0,0,1,39,-16.399,-71.5364
YAUTAN,0,0,1,39,-16.399,-71.5364
CORONGO,0,0,1,40,-16.399,-71.5364
ACO,0,0,1,40,-16.399,-71.5364
BAMBAS,0,0,1,40,-16.399,-71.5364
CUSCA,0,0,1,40,-16.399,-71.5364
LA PAMPA,0,0,1,40,-16.399,-71.5364
YANAC,0,0,1,40,-16.399,-71.5364
YUPAN,0,0,1,40,-16.399,-71.5364
HUARAZ,0,0,1,41,-16.399,-71.5364
COCHABAMBA,0,0,1,41,-16.399,-71.5364
COLCABAMBA,0,0,1,41,-16.399,-71.5364
HUANCHAY,0,0,1,41,-16.399,-71.5364
INDEPENDENCIA,0,0,1,41,-16.399,-71.5364
JANGAS,0,0,1,41,-16.399,-71.5364
LA LIBERTAD,0,0,1,41,-16.399,-71.5364
OLLEROS,0,0,1,41,-16.399,-71.5364
PAMPAS,0,0,1,41,-16.399,-71.5364
PARIACOTO,0,0,1,41,-16.399,-71.5364
PIRA,0,0,1,41,-16.399,-71.5364
TARICA,0,0,1,41,-16.399,-71.5364
HUARMEY,0,0,1,43,-16.399,-71.5364
COCHAPETI,0,0,1,43,-16.399,-71.5364
CULEBRAS,0,0,1,43,-16.399,-71.5364
HUAYAN,0,0,1,43,-16.399,-71.5364
MALVAS,0,0,1,43,-16.399,-71.5364
CARAZ,0,0,1,44,-16.399,-71.5364
HUALLANCA,0,0,1,44,-16.399,-71.5364
HUATA,0,0,1,44,-16.399,-71.5364
HUAYLAS,0,0,1,44,-16.399,-71.5364
MATO,0,0,1,44,-16.399,-71.5364
PAMPAROMAS,0,0,1,44,-16.399,-71.5364
PUEBLO LIBRE,0,0,1,44,-16.399,-71.5364
SANTA CRUZ,0,0,1,44,-16.399,-71.5364
SANTO TORIBIO,0,0,1,44,-16.399,-71.5364
YURACMARCA,0,0,1,44,-16.399,-71.5364
PISCOBAMBA,0,0,1,44,-16.399,-71.5364
CASCA,0,0,1,45,-16.399,-71.5364
ELEAZAR GUZMAN BARRON,0,0,1,45,-16.399,-71.5364
FIDEL OLIVAS ESCUDERO,0,0,1,45,-16.399,-71.5364
LLAMA,0,0,1,45,-16.399,-71.5364
LLUMPA,0,0,1,45,-16.399,-71.5364
LUCMA,0,0,1,45,-16.399,-71.5364
MUSGA,0,0,1,45,-16.399,-71.5364
OCROS,0,0,1,46,-16.399,-71.5364
ACAS,0,0,1,46,-16.399,-71.5364
CAJAMARQUILLA,0,0,1,46,-16.399,-71.5364
CARHUAPAMPA,0,0,1,46,-16.399,-71.5364
COCHAS,0,0,1,46,-16.399,-71.5364
CONGAS,0,0,1,46,-16.399,-71.5364
LLIPA,0,0,1,46,-16.399,-71.5364
SAN CRISTOBAL DE RAJAN,0,0,1,46,-16.399,-71.5364
SAN PEDRO,0,0,1,46,-16.399,-71.5364
SANTIAGO DE CHILCAS,0,0,1,46,-16.399,-71.5364
CABANA,0,0,1,47,-16.399,-71.5364
BOLOGNESI,0,0,1,47,-16.399,-71.5364
CONCHUCOS,0,0,1,47,-16.399,-71.5364
HUACASCHUQUE,0,0,1,47,-16.399,-71.5364
HUANDOVAL,0,0,1,47,-16.399,-71.5364
LACABAMBA,0,0,1,47,-16.399,-71.5364
LLAPO,0,0,1,47,-16.399,-71.5364
PALLASCA,0,0,1,47,-16.399,-71.5364
PAMPAS,0,0,1,47,-16.399,-71.5364
SANTA ROSA,0,0,1,47,-16.399,-71.5364
TAUCA,0,0,1,47,-16.399,-71.5364
POMABAMBA,0,0,1,48,-16.399,-71.5364
HUAYLLAN,0,0,1,48,-16.399,-71.5364
PAROBAMBA,0,0,1,48,-16.399,-71.5364
QUINUABAMBA,0,0,1,48,-16.399,-71.5364
RECUAY,0,0,1,49,-16.399,-71.5364
CATAC,0,0,1,49,-16.399,-71.5364
COTAPARACO,0,0,1,49,-16.399,-71.5364
HUAYLLAPAMPA,0,0,1,49,-16.399,-71.5364
LLACLLIN,0,0,1,49,-16.399,-71.5364
MARCA,0,0,1,49,-16.399,-71.5364
PAMPAS CHICO,0,0,1,49,-16.399,-71.5364
PARARIN,0,0,1,49,-16.399,-71.5364
TAPACOCHA,0,0,1,49,-16.399,-71.5364
TICAPAMPA,0,0,1,49,-16.399,-71.5364
CHIMBOTE,0,0,1,50,-16.399,-71.5364
CACERES DEL PERU,0,0,1,50,-16.399,-71.5364
COISHCO,0,0,1,50,-16.399,-71.5364
MACATE,0,0,1,50,-16.399,-71.5364
MORO,0,0,1,50,-16.399,-71.5364
NEPEÑA,0,0,1,50,-16.399,-71.5364
SAMANCO,0,0,1,50,-16.399,-71.5364
SANTA,0,0,1,50,-16.399,-71.5364
NUEVO CHIMBOTE,0,0,1,50,-16.399,-71.5364
SIHUAS,0,0,1,51,-16.399,-71.5364
ACOBAMBA,0,0,1,51,-16.399,-71.5364
ALFONSO UGARTE,0,0,1,51,-16.399,-71.5364
CASHAPAMPA,0,0,1,51,-16.399,-71.5364
CHINGALPO,0,0,1,51,-16.399,-71.5364
HUAYLLABAMBA,0,0,1,51,-16.399,-71.5364
QUICHES,0,0,1,51,-16.399,-71.5364
RAGASH,0,0,1,51,-16.399,-71.5364
SAN JUAN,0,0,1,51,-16.399,-71.5364
SICSIBAMBA,0,0,1,51,-16.399,-71.5364
YUNGAY,0,0,1,52,-16.399,-71.5364
CASCAPARA,0,0,1,52,-16.399,-71.5364
MANCOS,0,0,1,52,-16.399,-71.5364
MATACOTO,0,0,1,52,-16.399,-71.5364
QUILLO,0,0,1,52,-16.399,-71.5364
RANRAHIRCA,0,0,1,52,-16.399,-71.5364
SHUPLUY,0,0,1,52,-16.399,-71.5364
YANAMA,0,0,1,52,-16.399,-71.5364
ANRA,0,0,1,42,-16.399,-71.5364
CAJAY,0,0,1,42,-16.399,-71.5364
CHAVIN DE HUANTAR,0,0,1,42,-16.399,-71.5364
HUACACHI,0,0,1,42,-16.399,-71.5364
HUACCHIS,0,0,1,42,-16.399,-71.5364
HUACHIS,0,0,1,42,-16.399,-71.5364
HUANTAR,0,0,1,42,-16.399,-71.5364
HUARI,0,0,1,42,-16.399,-71.5364
MASIN,0,0,1,42,-16.399,-71.5364
PAUCAS,0,0,1,42,-16.399,-71.5364
PONTO,0,0,1,42,-16.399,-71.5364
RAHUAPAMPA,0,0,1,42,-16.399,-71.5364
RAPAYAN,0,0,1,42,-16.399,-71.5364
SAN MARCOS,0,0,1,42,-16.399,-71.5364
SAN PEDRO DE CHANA,0,0,1,42,-16.399,-71.5364
UCO,0,0,1,42,-16.399,-71.5364
PISCOBAMBA,0,0,1,45,-16.399,-71.5364
ABANCAY,0,0,1,53,-16.399,-71.5364
CHACOCHE,0,0,1,53,-16.399,-71.5364
CIRCA,0,0,1,53,-16.399,-71.5364
CURAHUASI,0,0,1,53,-16.399,-71.5364
HUANIPACA,0,0,1,53,-16.399,-71.5364
LAMBRAMA,0,0,1,53,-16.399,-71.5364
PICHIRHUA,0,0,1,53,-16.399,-71.5364
SAN PEDRO DE CACHORA,0,0,1,53,-16.399,-71.5364
TAMBURCO,0,0,1,53,-16.399,-71.5364
ANDAHUAYLAS,0,0,1,54,-16.399,-71.5364
ANDARAPA,0,0,1,54,-16.399,-71.5364
CHIARA,0,0,1,54,-16.399,-71.5364
HUANCARAMA,0,0,1,54,-16.399,-71.5364
HUANCARAY,0,0,1,54,-16.399,-71.5364
HUAYANA,0,0,1,54,-16.399,-71.5364
KISHUARA,0,0,1,54,-16.399,-71.5364
PACOBAMBA,0,0,1,54,-16.399,-71.5364
PACUCHA,0,0,1,54,-16.399,-71.5364
PAMPACHIRI,0,0,1,54,-16.399,-71.5364
POMACOCHA,0,0,1,54,-16.399,-71.5364
SAN ANTONIO DE CACHI,0,0,1,54,-16.399,-71.5364
SAN JERONIMO,0,0,1,54,-16.399,-71.5364
SAN MIGUEL DE CHACCRAMPA,0,0,1,54,-16.399,-71.5364
SANTA MARIA DE CHICMO,0,0,1,54,-16.399,-71.5364
TALAVERA,0,0,1,54,-16.399,-71.5364
TUMAY HUARACA,0,0,1,54,-16.399,-71.5364
TURPO,0,0,1,54,-16.399,-71.5364
KAQUIABAMBA,0,0,1,54,-16.399,-71.5364
ANTABAMBA,0,0,1,55,-16.399,-71.5364
EL ORO,0,0,1,55,-16.399,-71.5364
HUAQUIRCA,0,0,1,55,-16.399,-71.5364
JUAN ESPINOZA MEDRANO,0,0,1,55,-16.399,-71.5364
OROPESA,0,0,1,55,-16.399,-71.5364
PACHACONAS,0,0,1,55,-16.399,-71.5364
SABAINO,0,0,1,55,-16.399,-71.5364
CHALHUANCA,0,0,1,56,-16.399,-71.5364
CAPAYA,0,0,1,56,-16.399,-71.5364
CARAYBAMBA,0,0,1,56,-16.399,-71.5364
CHAPIMARCA,0,0,1,56,-16.399,-71.5364
COLCABAMBA,0,0,1,56,-16.399,-71.5364
COTARUSE,0,0,1,56,-16.399,-71.5364
HUAYLLO,0,0,1,56,-16.399,-71.5364
JUSTO APU SAHUARAURA,0,0,1,56,-16.399,-71.5364
LUCRE,0,0,1,56,-16.399,-71.5364
POCOHUANCA,0,0,1,56,-16.399,-71.5364
SAN JUAN DE CHACÑA,0,0,1,56,-16.399,-71.5364
SAÑAYCA,0,0,1,56,-16.399,-71.5364
SORAYA,0,0,1,56,-16.399,-71.5364
TAPAIRIHUA,0,0,1,56,-16.399,-71.5364
TINTAY,0,0,1,56,-16.399,-71.5364
TORAYA,0,0,1,56,-16.399,-71.5364
YANACA,0,0,1,56,-16.399,-71.5364
TAMBOBAMBA,0,0,1,57,-16.399,-71.5364
COTABAMBAS,0,0,1,57,-16.399,-71.5364
COYLLURQUI,0,0,1,57,-16.399,-71.5364
HAQUIRA,0,0,1,57,-16.399,-71.5364
MARA,0,0,1,57,-16.399,-71.5364
CHALLHUAHUACHO,0,0,1,57,-16.399,-71.5364
CHINCHEROS,0,0,1,58,-16.399,-71.5364
ANCO-HUALLO,0,0,1,58,-16.399,-71.5364
COCHARCAS,0,0,1,58,-16.399,-71.5364
HUACCANA,0,0,1,58,-16.399,-71.5364
OCOBAMBA,0,0,1,58,-16.399,-71.5364
ONGOY,0,0,1,58,-16.399,-71.5364
URANMARCA,0,0,1,58,-16.399,-71.5364
RANRACANCHA,0,0,1,58,-16.399,-71.5364
CHUQUIBAMBILLA,0,0,1,59,-16.399,-71.5364
CURPAHUASI,0,0,1,59,-16.399,-71.5364
GAMARRA,0,0,1,59,-16.399,-71.5364
HUAYLLATI,0,0,1,59,-16.399,-71.5364
MAMARA,0,0,1,59,-16.399,-71.5364
MICAELA BASTIDAS,0,0,1,59,-16.399,-71.5364
PATAYPAMPA,0,0,1,59,-16.399,-71.5364
PROGRESO,0,0,1,59,-16.399,-71.5364
SAN ANTONIO,0,0,1,59,-16.399,-71.5364
SANTA ROSA,0,0,1,59,-16.399,-71.5364
TURPAY,0,0,1,59,-16.399,-71.5364
VILCABAMBA,0,0,1,59,-16.399,-71.5364
VIRUNDO,0,0,1,59,-16.399,-71.5364
CURASCO,0,0,1,59,-16.399,-71.5364
AREQUIPA,0,0,1,60,-16.399,-71.5364
ALTO SELVA ALEGRE,0,0,1,60,-16.399,-71.5364
CAYMA,0,0,1,60,-16.399,-71.5364
CERRO COLORADO,0,0,1,60,-16.399,-71.5364
CHARACATO,0,0,1,60,-16.399,-71.5364
CHIGUATA,0,0,1,60,-16.399,-71.5364
JACOBO HUNTER,0,0,1,60,-16.399,-71.5364
LA JOYA,0,0,1,60,-16.399,-71.5364
MARIANO MELGAR,0,0,1,60,-16.399,-71.5364
MIRAFLORES,0,0,1,60,-16.399,-71.5364
MOLLEBAYA,0,0,1,60,-16.399,-71.5364
PAUCARPATA,0,0,1,60,-16.399,-71.5364
POCSI,0,0,1,60,-16.399,-71.5364
POLOBAYA,0,0,1,60,-16.399,-71.5364
QUEQUEÑA,0,0,1,60,-16.399,-71.5364
SABANDIA,0,0,1,60,-16.399,-71.5364
SACHACA,0,0,1,60,-16.399,-71.5364
SAN JUAN DE SIGUAS,0,0,1,60,-16.399,-71.5364
SAN JUAN DE TARUCANI,0,0,1,60,-16.399,-71.5364
SANTA ISABEL DE SIGUAS,0,0,1,60,-16.399,-71.5364
SANTA RITA DE SIGUAS,0,0,1,60,-16.399,-71.5364
SOCABAYA,0,0,1,60,-16.399,-71.5364
TIABAYA,0,0,1,60,-16.399,-71.5364
UCHUMAYO,0,0,1,60,-16.399,-71.5364
VITOR ,0,0,1,60,-16.399,-71.5364
YANAHUARA,0,0,1,60,-16.399,-71.5364
YARABAMBA,0,0,1,60,-16.399,-71.5364
YURA,0,0,1,60,-16.399,-71.5364
JOSE LUIS BUSTAMANTE Y RIVERO,0,0,1,60,-16.399,-71.5364
"CAMANA	",0,0,1,61,-16.399,-71.5364
JOSE MARIA QUIMPER,0,0,1,61,-16.399,-71.5364
MARIANO NICOLAS VALCARCEL,0,0,1,61,-16.399,-71.5364
MARISCAL CACERES,0,0,1,61,-16.399,-71.5364
NICOLAS DE PIEROLA,0,0,1,61,-16.399,-71.5364
OCOÑA,0,0,1,61,-16.399,-71.5364
QUILCA,0,0,1,61,-16.399,-71.5364
SAMUEL PASTOR,0,0,1,61,-16.399,-71.5364
CARAVELI,0,0,1,62,-16.399,-71.5364
ACARI,0,0,1,62,-16.399,-71.5364
ATICO,0,0,1,62,-16.399,-71.5364
ATIQUIPA,0,0,1,62,-16.399,-71.5364
BELLA UNION,0,0,1,62,-16.399,-71.5364
CAHUACHO,0,0,1,62,-16.399,-71.5364
CHALA,0,0,1,62,-16.399,-71.5364
CHAPARRA,0,0,1,62,-16.399,-71.5364
HUANUHUANU,0,0,1,62,-16.399,-71.5364
JAQUI,0,0,1,62,-16.399,-71.5364
LOMAS,0,0,1,62,-16.399,-71.5364
QUICACHA,0,0,1,62,-16.399,-71.5364
YAUCA,0,0,1,62,-16.399,-71.5364
APLAO,0,0,1,63,-16.399,-71.5364
ANDAGUA,0,0,1,63,-16.399,-71.5364
AYO,0,0,1,63,-16.399,-71.5364
CHACHAS,0,0,1,63,-16.399,-71.5364
CHILCAYMARCA,0,0,1,63,-16.399,-71.5364
CHOCO,0,0,1,63,-16.399,-71.5364
HUANCARQUI,0,0,1,63,-16.399,-71.5364
MACHAGUAY,0,0,1,63,-16.399,-71.5364
ORCOPAMPA,0,0,1,63,-16.399,-71.5364
PAMPACOLCA,0,0,1,63,-16.399,-71.5364
TIPAN,0,0,1,63,-16.399,-71.5364
UÑON,0,0,1,63,-16.399,-71.5364
URACA,0,0,1,63,-16.399,-71.5364
VIRACO,0,0,1,63,-16.399,-71.5364
CHIVAY,0,0,1,64,-16.399,-71.5364
ACHOMA,0,0,1,64,-16.399,-71.5364
CABANACONDE,0,0,1,64,-16.399,-71.5364
CALLALLI,0,0,1,64,-16.399,-71.5364
CAYLLOMA,0,0,1,64,-16.399,-71.5364
COPORAQUE,0,0,1,64,-16.399,-71.5364
HUAMBO,0,0,1,64,-16.399,-71.5364
HUANCA,0,0,1,64,-16.399,-71.5364
ICHUPAMPA,0,0,1,64,-16.399,-71.5364
LARI,0,0,1,64,-16.399,-71.5364
LLUTA,0,0,1,64,-16.399,-71.5364
MACA,0,0,1,64,-16.399,-71.5364
MADRIGAL,0,0,1,64,-16.399,-71.5364
SAN ANTONIO DE CHUCA,0,0,1,64,-16.399,-71.5364
SIBAYO,0,0,1,64,-16.399,-71.5364
TAPAY,0,0,1,64,-16.399,-71.5364
TISCO,0,0,1,64,-16.399,-71.5364
TUTI,0,0,1,64,-16.399,-71.5364
YANQUE,0,0,1,64,-16.399,-71.5364
MAJES,0,0,1,64,-16.399,-71.5364
CHUQUIBAMBA,0,0,1,65,-16.399,-71.5364
ANDARAY,0,0,1,65,-16.399,-71.5364
CAYARANI,0,0,1,65,-16.399,-71.5364
CHICHAS,0,0,1,65,-16.399,-71.5364
IRAY,0,0,1,65,-16.399,-71.5364
RIO GRANDE,0,0,1,65,-16.399,-71.5364
SALAMANCA,0,0,1,65,-16.399,-71.5364
YANAQUIHUA,0,0,1,65,-16.399,-71.5364
MOLLENDO,0,0,1,66,-16.399,-71.5364
COCACHACRA,0,0,1,66,-16.399,-71.5364
DEAN VALDIVIA,0,0,1,66,-16.399,-71.5364
ISLAY,0,0,1,66,-16.399,-71.5364
MEJIA,0,0,1,66,-16.399,-71.5364
PUNTA DE BOMBON,0,0,1,66,-16.399,-71.5364
COTAHUASI,0,0,1,67,-16.399,-71.5364
ALCA,0,0,1,67,-16.399,-71.5364
CHARCANA,0,0,1,67,-16.399,-71.5364
HUAYNACOTAS,0,0,1,67,-16.399,-71.5364
PAMPAMARCA,0,0,1,67,-16.399,-71.5364
PUYCA,0,0,1,67,-16.399,-71.5364
QUECHUALLA,0,0,1,67,-16.399,-71.5364
SAYLA,0,0,1,67,-16.399,-71.5364
TAURIA,0,0,1,67,-16.399,-71.5364
TOMEPAMPA,0,0,1,67,-16.399,-71.5364
TORO,0,0,1,67,-16.399,-71.5364
AYACUCHO,0,0,1,68,-16.399,-71.5364
ACOCRO,0,0,1,68,-16.399,-71.5364
ACOS VINCHOS,0,0,1,68,-16.399,-71.5364
CARMEN ALTO,0,0,1,68,-16.399,-71.5364
CHIARA,0,0,1,68,-16.399,-71.5364
OCROS,0,0,1,68,-16.399,-71.5364
PACAYCASA,0,0,1,68,-16.399,-71.5364
QUINUA,0,0,1,68,-16.399,-71.5364
SAN JOSE DE TICLLAS,0,0,1,68,-16.399,-71.5364
SAN JUAN BAUTISTA,0,0,1,68,-16.399,-71.5364
SANTIAGO DE PISCHA,0,0,1,68,-16.399,-71.5364
SOCOS,0,0,1,68,-16.399,-71.5364
TAMBILLO,0,0,1,68,-16.399,-71.5364
VINCHOS,0,0,1,68,-16.399,-71.5364
JESUS NAZARENO,0,0,1,68,-16.399,-71.5364
CANGALLO,0,0,1,69,-16.399,-71.5364
CHUSCHI,0,0,1,69,-16.399,-71.5364
LOS MOROCHUCOS,0,0,1,69,-16.399,-71.5364
MARIA PARADO DE BELLIDO,0,0,1,69,-16.399,-71.5364
PARAS,0,0,1,69,-16.399,-71.5364
TOTOS,0,0,1,69,-16.399,-71.5364
SANCOS,0,0,1,70,-16.399,-71.5364
CARAPO,0,0,1,70,-16.399,-71.5364
SACSAMARCA,0,0,1,70,-16.399,-71.5364
SANTIAGO DE LUCANAMARCA,0,0,1,70,-16.399,-71.5364
HUANTA,0,0,1,71,-16.399,-71.5364
AYAHUANCO,0,0,1,71,-16.399,-71.5364
HUAMANGUILLA,0,0,1,71,-16.399,-71.5364
IGUAIN,0,0,1,71,-16.399,-71.5364
LURICOCHA,0,0,1,71,-16.399,-71.5364
SANTILLANA,0,0,1,71,-16.399,-71.5364
SIVIA,0,0,1,71,-16.399,-71.5364
LLOCHEGUA,0,0,1,71,-16.399,-71.5364
SAN MIGUEL,0,0,1,72,-16.399,-71.5364
ANCO,0,0,1,72,-16.399,-71.5364
AYNA,0,0,1,72,-16.399,-71.5364
CHILCAS,0,0,1,72,-16.399,-71.5364
CHUNGUI,0,0,1,72,-16.399,-71.5364
LUIS CARRANZA,0,0,1,72,-16.399,-71.5364
SANTA ROSA,0,0,1,72,-16.399,-71.5364
TAMBO,0,0,1,72,-16.399,-71.5364
PUQUIO,0,0,1,73,-16.399,-71.5364
AUCARA,0,0,1,73,-16.399,-71.5364
CABANA,0,0,1,73,-16.399,-71.5364
CARMEN SALCEDO,0,0,1,73,-16.399,-71.5364
CHAVIÑA,0,0,1,73,-16.399,-71.5364
CHIPAO,0,0,1,73,-16.399,-71.5364
HUAC-HUAS,0,0,1,73,-16.399,-71.5364
LARAMATE,0,0,1,73,-16.399,-71.5364
LEONCIO PRADO,0,0,1,73,-16.399,-71.5364
LLAUTA,0,0,1,73,-16.399,-71.5364
LUCANAS,0,0,1,73,-16.399,-71.5364
OCAÑA,0,0,1,73,-16.399,-71.5364
OTOCA,0,0,1,73,-16.399,-71.5364
SAISA,0,0,1,73,-16.399,-71.5364
SAN CRISTOBAL,0,0,1,73,-16.399,-71.5364
SAN JUAN,0,0,1,73,-16.399,-71.5364
SAN PEDRO,0,0,1,73,-16.399,-71.5364
SAN PEDRO DE PALCO,0,0,1,73,-16.399,-71.5364
SANCOS,0,0,1,73,-16.399,-71.5364
SANTA ANA DE HUAYCAHUACHO,0,0,1,73,-16.399,-71.5364
SANTA LUCIA,0,0,1,73,-16.399,-71.5364
CORACORA,0,0,1,74,-16.399,-71.5364
CHUMPI,0,0,1,74,-16.399,-71.5364
CORONEL CASTAÑEDA,0,0,1,74,-16.399,-71.5364
PACAPAUSA,0,0,1,74,-16.399,-71.5364
PULLO,0,0,1,74,-16.399,-71.5364
PUYUSCA,0,0,1,74,-16.399,-71.5364
SAN FRANCISCO DE RAVACAYCO,0,0,1,74,-16.399,-71.5364
UPAHUACHO,0,0,1,74,-16.399,-71.5364
PAUSA,0,0,1,75,-16.399,-71.5364
COLTA,0,0,1,75,-16.399,-71.5364
CORCULLA,0,0,1,75,-16.399,-71.5364
LAMPA,0,0,1,75,-16.399,-71.5364
MARCABAMBA,0,0,1,75,-16.399,-71.5364
OYOLO,0,0,1,75,-16.399,-71.5364
PARARCA,0,0,1,75,-16.399,-71.5364
SAN JAVIER DE ALPABAMBA,0,0,1,75,-16.399,-71.5364
SAN JOSE DE USHUA,0,0,1,75,-16.399,-71.5364
SARA SARA,0,0,1,75,-16.399,-71.5364
QUEROBAMBA,0,0,1,76,-16.399,-71.5364
BELEN,0,0,1,76,-16.399,-71.5364
CHALCOS,0,0,1,76,-16.399,-71.5364
CHILCAYOC,0,0,1,76,-16.399,-71.5364
HUACAÑA,0,0,1,76,-16.399,-71.5364
MORCOLLA,0,0,1,76,-16.399,-71.5364
PAICO,0,0,1,76,-16.399,-71.5364
SAN PEDRO DE LARCAY,0,0,1,76,-16.399,-71.5364
SAN SALVADOR DE QUIJE,0,0,1,76,-16.399,-71.5364
SANTIAGO DE PAUCARAY,0,0,1,76,-16.399,-71.5364
SORAS,0,0,1,76,-16.399,-71.5364
HUANCAPI,0,0,1,77,-16.399,-71.5364
ALCAMENCA,0,0,1,77,-16.399,-71.5364
APONGO,0,0,1,77,-16.399,-71.5364
ASQUIPATA,0,0,1,77,-16.399,-71.5364
CANARIA,0,0,1,77,-16.399,-71.5364
CAYARA,0,0,1,77,-16.399,-71.5364
COLCA,0,0,1,77,-16.399,-71.5364
HUAMANQUIQUIA,0,0,1,77,-16.399,-71.5364
HUANCARAYLLA,0,0,1,77,-16.399,-71.5364
HUAYA,0,0,1,77,-16.399,-71.5364
SARHUA,0,0,1,77,-16.399,-71.5364
VILCANCHOS,0,0,1,77,-16.399,-71.5364
VILCAS HUAMAN,0,0,1,78,-16.399,-71.5364
ACCOMARCA,0,0,1,78,-16.399,-71.5364
CARHUANCA,0,0,1,78,-16.399,-71.5364
CONCEPCION,0,0,1,78,-16.399,-71.5364
HUAMBALPA,0,0,1,78,-16.399,-71.5364
INDEPENDENCIA,0,0,1,78,-16.399,-71.5364
SAURAMA,0,0,1,78,-16.399,-71.5364
VISCHONGO,0,0,1,78,-16.399,-71.5364
CAJAMARCA,0,0,1,79,-16.399,-71.5364
ASUNCION,0,0,1,79,-16.399,-71.5364
CHETILLA,0,0,1,79,-16.399,-71.5364
COSPAN,0,0,1,79,-16.399,-71.5364
ENCAÑADA,0,0,1,79,-16.399,-71.5364
JESUS,0,0,1,79,-16.399,-71.5364
LLACANORA,0,0,1,79,-16.399,-71.5364
LOS BAÑOS DEL INCA,0,0,1,79,-16.399,-71.5364
MAGDALENA,0,0,1,79,-16.399,-71.5364
MATARA,0,0,1,79,-16.399,-71.5364
NAMORA,0,0,1,79,-16.399,-71.5364
SAN JUAN,0,0,1,79,-16.399,-71.5364
CAJABAMBA,0,0,1,80,-16.399,-71.5364
CACHACHI,0,0,1,80,-16.399,-71.5364
CONDEBAMBA,0,0,1,80,-16.399,-71.5364
SITACOCHA,0,0,1,80,-16.399,-71.5364
CELENDIN,0,0,1,81,-16.399,-71.5364
CHUMUCH,0,0,1,81,-16.399,-71.5364
CORTEGANA,0,0,1,81,-16.399,-71.5364
HUASMIN,0,0,1,81,-16.399,-71.5364
JORGE CHAVEZ,0,0,1,81,-16.399,-71.5364
JOSE GALVEZ,0,0,1,81,-16.399,-71.5364
MIGUEL IGLESIAS,0,0,1,81,-16.399,-71.5364
OXAMARCA,0,0,1,81,-16.399,-71.5364
SOROCHUCO,0,0,1,81,-16.399,-71.5364
SUCRE,0,0,1,81,-16.399,-71.5364
UTCO,0,0,1,81,-16.399,-71.5364
LA LIBERTAD DE PALLAN,0,0,1,81,-16.399,-71.5364
CHOTA,0,0,1,82,-16.399,-71.5364
ANGUIA,0,0,1,82,-16.399,-71.5364
CHADIN,0,0,1,82,-16.399,-71.5364
CHIGUIRIP,0,0,1,82,-16.399,-71.5364
CHIMBAN,0,0,1,82,-16.399,-71.5364
CHOROPAMPA,0,0,1,82,-16.399,-71.5364
COCHABAMBA,0,0,1,82,-16.399,-71.5364
CONCHAN,0,0,1,82,-16.399,-71.5364
HUAMBOS,0,0,1,82,-16.399,-71.5364
LAJAS,0,0,1,82,-16.399,-71.5364
LLAMA,0,0,1,82,-16.399,-71.5364
MIRACOSTA,0,0,1,82,-16.399,-71.5364
PACCHA,0,0,1,82,-16.399,-71.5364
PION,0,0,1,82,-16.399,-71.5364
QUEROCOTO,0,0,1,82,-16.399,-71.5364
SAN JUAN DE LICUPIS,0,0,1,82,-16.399,-71.5364
TACABAMBA,0,0,1,82,-16.399,-71.5364
TOCMOCHE,0,0,1,82,-16.399,-71.5364
CHALAMARCA,0,0,1,82,-16.399,-71.5364
CONTUMAZA,0,0,1,83,-16.399,-71.5364
CHILETE,0,0,1,83,-16.399,-71.5364
CUPISNIQUE,0,0,1,83,-16.399,-71.5364
GUZMANGO,0,0,1,83,-16.399,-71.5364
SAN BENITO,0,0,1,83,-16.399,-71.5364
SANTA CRUZ DE TOLED,0,0,1,83,-16.399,-71.5364
TANTARICA,0,0,1,83,-16.399,-71.5364
YONAN,0,0,1,83,-16.399,-71.5364
CUTERVO,0,0,1,84,-16.399,-71.5364
CALLAYUC,0,0,1,84,-16.399,-71.5364
CHOROS,0,0,1,84,-16.399,-71.5364
CUJILLO,0,0,1,84,-16.399,-71.5364
LA RAMADA,0,0,1,84,-16.399,-71.5364
PIMPINGOS,0,0,1,84,-16.399,-71.5364
QUEROCOTILLO,0,0,1,84,-16.399,-71.5364
SAN ANDRES DE CUTERVO,0,0,1,84,-16.399,-71.5364
SAN JUAN DE CUTERVO,0,0,1,84,-16.399,-71.5364
SAN LUIS DE LUCMA,0,0,1,84,-16.399,-71.5364
SANTA CRUZ,0,0,1,84,-16.399,-71.5364
SANTO DOMINGO DE LA CAPILLA,0,0,1,84,-16.399,-71.5364
SANTO TOMAS,0,0,1,84,-16.399,-71.5364
SOCOTA,0,0,1,84,-16.399,-71.5364
TORIBIO CASANOVA,0,0,1,84,-16.399,-71.5364
BAMBAMARCA,0,0,1,85,-16.399,-71.5364
CHUGUR,0,0,1,85,-16.399,-71.5364
HUALGAYOC,0,0,1,85,-16.399,-71.5364
JAEN,0,0,1,86,-16.399,-71.5364
BELLAVISTA,0,0,1,86,-16.399,-71.5364
CHONTALI,0,0,1,86,-16.399,-71.5364
COLASAY,0,0,1,86,-16.399,-71.5364
HUABAL,0,0,1,86,-16.399,-71.5364
LAS PIRIAS,0,0,1,86,-16.399,-71.5364
POMAHUACA,0,0,1,86,-16.399,-71.5364
PUCARA,0,0,1,86,-16.399,-71.5364
SALLIQUE,0,0,1,86,-16.399,-71.5364
SAN FELIPE,0,0,1,86,-16.399,-71.5364
SAN JOSE DEL ALTO,0,0,1,86,-16.399,-71.5364
SANTA ROSA,0,0,1,86,-16.399,-71.5364
SAN IGNACIO,0,0,1,87,-16.399,-71.5364
CHIRINOS,0,0,1,87,-16.399,-71.5364
HUARANGO,0,0,1,87,-16.399,-71.5364
LA COIPA,0,0,1,87,-16.399,-71.5364
NAMBALLE,0,0,1,87,-16.399,-71.5364
SAN JOSE DE LOURDES,0,0,1,87,-16.399,-71.5364
TABACONAS,0,0,1,87,-16.399,-71.5364
PEDRO GALVEZ,0,0,1,88,-16.399,-71.5364
CHANCAY,0,0,1,88,-16.399,-71.5364
EDUARDO VILLANUEVA,0,0,1,88,-16.399,-71.5364
GREGORIO PITA,0,0,1,88,-16.399,-71.5364
ICHOCAN,0,0,1,88,-16.399,-71.5364
JOSE MANUEL QUIROZ,0,0,1,88,-16.399,-71.5364
JOSE SABOGAL,0,0,1,88,-16.399,-71.5364
SAN MIGUEL,0,0,1,89,-16.399,-71.5364
BOLIVAR,0,0,1,89,-16.399,-71.5364
CALQUIS,0,0,1,89,-16.399,-71.5364
CATILLUC,0,0,1,89,-16.399,-71.5364
EL PRADO,0,0,1,89,-16.399,-71.5364
LA FLORIDA,0,0,1,89,-16.399,-71.5364
LLAPA,0,0,1,89,-16.399,-71.5364
NANCHOC,0,0,1,89,-16.399,-71.5364
NIEPOS,0,0,1,89,-16.399,-71.5364
SAN GREGORIO,0,0,1,89,-16.399,-71.5364
SAN SILVESTRE DE COCHAN,0,0,1,89,-16.399,-71.5364
TONGOD,0,0,1,89,-16.399,-71.5364
UNION AGUA BLANCA,0,0,1,89,-16.399,-71.5364
SAN PABLO,0,0,1,90,-16.399,-71.5364
SAN BERNARDINO,0,0,1,90,-16.399,-71.5364
SAN LUIS,0,0,1,90,-16.399,-71.5364
TUMBADEN,0,0,1,90,-16.399,-71.5364
SANTA CRUZ,0,0,1,91,-16.399,-71.5364
ANDABAMBA,0,0,1,91,-16.399,-71.5364
CATACHE,0,0,1,91,-16.399,-71.5364
CHANCAYBAÑOS,0,0,1,91,-16.399,-71.5364
LA ESPERANZA,0,0,1,91,-16.399,-71.5364
NINABAMBA,0,0,1,91,-16.399,-71.5364
PULAN,0,0,1,91,-16.399,-71.5364
SAUCEPAMPA,0,0,1,91,-16.399,-71.5364
SEXI,0,0,1,91,-16.399,-71.5364
UTICYACU,0,0,1,91,-16.399,-71.5364
YAUYUCAN,0,0,1,91,-16.399,-71.5364
CUSCO,0,0,1,92,-16.399,-71.5364
CCORCA,0,0,1,92,-16.399,-71.5364
POROY,0,0,1,92,-16.399,-71.5364
SAN JERONIMO,0,0,1,92,-16.399,-71.5364
SAN SEBASTIAN,0,0,1,92,-16.399,-71.5364
SANTIAGO,0,0,1,92,-16.399,-71.5364
SAYLLA,0,0,1,92,-16.399,-71.5364
WANCHAQ,0,0,1,92,-16.399,-71.5364
ACOMAYO,0,0,1,93,-16.399,-71.5364
ACOPIA,0,0,1,93,-16.399,-71.5364
ACOS,0,0,1,93,-16.399,-71.5364
MOSOC LLACTA,0,0,1,93,-16.399,-71.5364
POMACANCHI,0,0,1,93,-16.399,-71.5364
RONDOCAN,0,0,1,93,-16.399,-71.5364
SANGARARA,0,0,1,93,-16.399,-71.5364
ANTA,0,0,1,94,-16.399,-71.5364
ANCAHUASI,0,0,1,94,-16.399,-71.5364
CACHIMAYO,0,0,1,94,-16.399,-71.5364
CHINCHAYPUJIO,0,0,1,94,-16.399,-71.5364
HUAROCONDO,0,0,1,94,-16.399,-71.5364
LIMATAMBO,0,0,1,94,-16.399,-71.5364
MOLLEPATA,0,0,1,94,-16.399,-71.5364
PUCYURA,0,0,1,94,-16.399,-71.5364
ZURITE,0,0,1,94,-16.399,-71.5364
CALCA,0,0,1,95,-16.399,-71.5364
COYA,0,0,1,95,-16.399,-71.5364
LAMAY,0,0,1,95,-16.399,-71.5364
LARES,0,0,1,95,-16.399,-71.5364
PISAC,0,0,1,95,-16.399,-71.5364
SAN SALVADOR,0,0,1,95,-16.399,-71.5364
TARAY,0,0,1,95,-16.399,-71.5364
YANATILE,0,0,1,95,-16.399,-71.5364
YANAOCA,0,0,1,96,-16.399,-71.5364
CHECCA,0,0,1,96,-16.399,-71.5364
KUNTURKANKI,0,0,1,96,-16.399,-71.5364
LANGUI,0,0,1,96,-16.399,-71.5364
LAYO,0,0,1,96,-16.399,-71.5364
PAMPAMARCA,0,0,1,96,-16.399,-71.5364
QUEHUE,0,0,1,96,-16.399,-71.5364
TUPAC AMARU,0,0,1,96,-16.399,-71.5364
SICUANI,0,0,1,97,-16.399,-71.5364
CHECACUPE,0,0,1,97,-16.399,-71.5364
COMBAPATA,0,0,1,97,-16.399,-71.5364
MARANGANI,0,0,1,97,-16.399,-71.5364
PITUMARCA,0,0,1,97,-16.399,-71.5364
SAN PABLO,0,0,1,97,-16.399,-71.5364
SAN PEDRO,0,0,1,97,-16.399,-71.5364
TINTA,0,0,1,97,-16.399,-71.5364
SANTO TOMAS,0,0,1,98,-16.399,-71.5364
CAPACMARCA,0,0,1,98,-16.399,-71.5364
CHAMACA,0,0,1,98,-16.399,-71.5364
COLQUEMARCA,0,0,1,98,-16.399,-71.5364
LIVITACA,0,0,1,98,-16.399,-71.5364
LLUSCO,0,0,1,98,-16.399,-71.5364
QUIÑOTA,0,0,1,98,-16.399,-71.5364
VELILLE,0,0,1,98,-16.399,-71.5364
ESPINAR,0,0,1,99,-16.399,-71.5364
CONDOROMA,0,0,1,99,-16.399,-71.5364
COPORAQUE,0,0,1,99,-16.399,-71.5364
OCORURO,0,0,1,99,-16.399,-71.5364
PALLPATA,0,0,1,99,-16.399,-71.5364
PICHIGUA,0,0,1,99,-16.399,-71.5364
SUYCKUTAMBO 3/,0,0,1,99,-16.399,-71.5364
ALTO PICHIGUA,0,0,1,99,-16.399,-71.5364
SANTA ANA,0,0,1,100,-16.399,-71.5364
ECHARATE,0,0,1,100,-16.399,-71.5364
HUAYOPATA /1,0,0,1,100,-16.399,-71.5364
MARANURA,0,0,1,100,-16.399,-71.5364
OCOBAMBA  /2,0,0,1,100,-16.399,-71.5364
QUELLOUNO,0,0,1,100,-16.399,-71.5364
KIMBIRI,0,0,1,100,-16.399,-71.5364
SANTA TERESA,0,0,1,100,-16.399,-71.5364
VILCABAMBA,0,0,1,100,-16.399,-71.5364
PICHARI,0,0,1,100,-16.399,-71.5364
PARURO,0,0,1,101,-16.399,-71.5364
ACCHA,0,0,1,101,-16.399,-71.5364
CCAPI,0,0,1,101,-16.399,-71.5364
COLCHA,0,0,1,101,-16.399,-71.5364
HUANOQUITE,0,0,1,101,-16.399,-71.5364
OMACHA,0,0,1,101,-16.399,-71.5364
PACCARITAMBO,0,0,1,101,-16.399,-71.5364
PILLPINTO,0,0,1,101,-16.399,-71.5364
YAURISQUE,0,0,1,101,-16.399,-71.5364
PAUCARTAMBO,0,0,1,102,-16.399,-71.5364
CAICAY,0,0,1,102,-16.399,-71.5364
CHALLABAMBA,0,0,1,102,-16.399,-71.5364
COLQUEPATA,0,0,1,102,-16.399,-71.5364
HUANCARANI,0,0,1,102,-16.399,-71.5364
KOSÑIPATA,0,0,1,102,-16.399,-71.5364
URCOS,0,0,1,103,-16.399,-71.5364
ANDAHUAYLILLAS,0,0,1,103,-16.399,-71.5364
CAMANTI,0,0,1,103,-16.399,-71.5364
CCARHUAYO,0,0,1,103,-16.399,-71.5364
CCATCA,0,0,1,103,-16.399,-71.5364
CUSIPATA,0,0,1,103,-16.399,-71.5364
HUARO,0,0,1,103,-16.399,-71.5364
LUCRE,0,0,1,103,-16.399,-71.5364
MARCAPATA,0,0,1,103,-16.399,-71.5364
OCONGATE,0,0,1,103,-16.399,-71.5364
OROPESA,0,0,1,103,-16.399,-71.5364
QUIQUIJANA,0,0,1,103,-16.399,-71.5364
URUBAMBA,0,0,1,104,-16.399,-71.5364
CHINCHERO,0,0,1,104,-16.399,-71.5364
HUAYLLABAMBA,0,0,1,104,-16.399,-71.5364
MACHUPICCHU,0,0,1,104,-16.399,-71.5364
MARAS,0,0,1,104,-16.399,-71.5364
OLLANTAYTAMBO,0,0,1,104,-16.399,-71.5364
YUCAY,0,0,1,104,-16.399,-71.5364
HUANCAVELICA,0,0,1,105,-16.399,-71.5364
ACOBAMBILLA,0,0,1,105,-16.399,-71.5364
ACORIA,0,0,1,105,-16.399,-71.5364
CONAYCA,0,0,1,105,-16.399,-71.5364
CUENCA,0,0,1,105,-16.399,-71.5364
HUACHOCOLPA,0,0,1,105,-16.399,-71.5364
HUAYLLAHUARA,0,0,1,105,-16.399,-71.5364
IZCUCHACA,0,0,1,105,-16.399,-71.5364
LARIA,0,0,1,105,-16.399,-71.5364
MANTA,0,0,1,105,-16.399,-71.5364
MARISCAL CACERES,0,0,1,105,-16.399,-71.5364
MOYA,0,0,1,105,-16.399,-71.5364
NUEVO OCCORO,0,0,1,105,-16.399,-71.5364
PALCA,0,0,1,105,-16.399,-71.5364
PILCHACA,0,0,1,105,-16.399,-71.5364
VILCA,0,0,1,105,-16.399,-71.5364
YAULI,0,0,1,105,-16.399,-71.5364
ASCENSION,0,0,1,105,-16.399,-71.5364
HUANDO,0,0,1,105,-16.399,-71.5364
ACOBAMBA,0,0,1,106,-16.399,-71.5364
ANDABAMBA,0,0,1,106,-16.399,-71.5364
ANTA,0,0,1,106,-16.399,-71.5364
CAJA,0,0,1,106,-16.399,-71.5364
MARCAS,0,0,1,106,-16.399,-71.5364
PAUCARA,0,0,1,106,-16.399,-71.5364
POMACOCHA,0,0,1,106,-16.399,-71.5364
ROSARIO,0,0,1,106,-16.399,-71.5364
LIRCAY,0,0,1,107,-16.399,-71.5364
ANCHONGA,0,0,1,107,-16.399,-71.5364
CALLANMARCA,0,0,1,107,-16.399,-71.5364
CCOCHACCASA,0,0,1,107,-16.399,-71.5364
CHINCHO,0,0,1,107,-16.399,-71.5364
CONGALLA,0,0,1,107,-16.399,-71.5364
HUANCA-HUANCA,0,0,1,107,-16.399,-71.5364
HUAYLLAY GRANDE,0,0,1,107,-16.399,-71.5364
JULCAMARCA,0,0,1,107,-16.399,-71.5364
SAN ANTONIO DE ANTAPARCO,0,0,1,107,-16.399,-71.5364
SANTO TOMAS DE PATA,0,0,1,107,-16.399,-71.5364
SECCLLA,0,0,1,107,-16.399,-71.5364
CASTROVIRREYNA,0,0,1,108,-16.399,-71.5364
ARMA,0,0,1,108,-16.399,-71.5364
AURAHUA,0,0,1,108,-16.399,-71.5364
CAPILLAS,0,0,1,108,-16.399,-71.5364
CHUPAMARCA,0,0,1,108,-16.399,-71.5364
COCAS,0,0,1,108,-16.399,-71.5364
HUACHOS,0,0,1,108,-16.399,-71.5364
HUAMATAMBO,0,0,1,108,-16.399,-71.5364
MOLLEPAMPA,0,0,1,108,-16.399,-71.5364
SAN JUAN,0,0,1,108,-16.399,-71.5364
SANTA ANA,0,0,1,108,-16.399,-71.5364
TANTARA,0,0,1,108,-16.399,-71.5364
TICRAPO,0,0,1,108,-16.399,-71.5364
CHURCAMPA,0,0,1,109,-16.399,-71.5364
ANCO,0,0,1,109,-16.399,-71.5364
CHINCHIHUASI,0,0,1,109,-16.399,-71.5364
EL CARMEN,0,0,1,109,-16.399,-71.5364
LA MERCED,0,0,1,109,-16.399,-71.5364
LOCROJA,0,0,1,109,-16.399,-71.5364
PAUCARBAMBA,0,0,1,109,-16.399,-71.5364
SAN MIGUEL DE MAYOCC,0,0,1,109,-16.399,-71.5364
SAN PEDRO DE CORIS,0,0,1,109,-16.399,-71.5364
PACHAMARCA ,0,0,1,109,-16.399,-71.5364
HUAYTARA,0,0,1,110,-16.399,-71.5364
AYAVI,0,0,1,110,-16.399,-71.5364
CORDOVA,0,0,1,110,-16.399,-71.5364
HUAYACUNDO ARMA,0,0,1,110,-16.399,-71.5364
LARAMARCA,0,0,1,110,-16.399,-71.5364
OCOYO,0,0,1,110,-16.399,-71.5364
PILPICHACA,0,0,1,110,-16.399,-71.5364
QUERCO,0,0,1,110,-16.399,-71.5364
QUITO-ARMA,0,0,1,110,-16.399,-71.5364
SAN ANTONIO DE CUSICANCHA,0,0,1,110,-16.399,-71.5364
SAN FRANCISCO DE SANGAYAICO,0,0,1,110,-16.399,-71.5364
SAN ISIDRO,0,0,1,110,-16.399,-71.5364
SANTIAGO DE CHOCORVOS,0,0,1,110,-16.399,-71.5364
SANTIAGO DE QUIRAHUARA,0,0,1,110,-16.399,-71.5364
SANTO DOMINGO DE CAPILLAS,0,0,1,110,-16.399,-71.5364
TAMBO,0,0,1,110,-16.399,-71.5364
PAMPAS,0,0,1,111,-16.399,-71.5364
ACOSTAMBO,0,0,1,111,-16.399,-71.5364
ACRAQUIA,0,0,1,111,-16.399,-71.5364
AHUAYCHA,0,0,1,111,-16.399,-71.5364
COLCABAMBA,0,0,1,111,-16.399,-71.5364
DANIEL HERNANDEZ,0,0,1,111,-16.399,-71.5364
HUACHOCOLPA,0,0,1,111,-16.399,-71.5364
HUARIBAMBA,0,0,1,111,-16.399,-71.5364
ÑAHUIMPUQUIO,0,0,1,111,-16.399,-71.5364
PAZOS,0,0,1,111,-16.399,-71.5364
QUISHUAR,0,0,1,111,-16.399,-71.5364
SALCABAMBA,0,0,1,111,-16.399,-71.5364
SALCAHUASI,0,0,1,111,-16.399,-71.5364
SAN MARCOS DE ROCCHAC,0,0,1,111,-16.399,-71.5364
SURCUBAMBA,0,0,1,111,-16.399,-71.5364
TINTAY PUNCU,0,0,1,111,-16.399,-71.5364
HUANUCO,0,0,1,112,-16.399,-71.5364
AMARILIS,0,0,1,112,-16.399,-71.5364
CHINCHAO,0,0,1,112,-16.399,-71.5364
CHURUBAMBA,0,0,1,112,-16.399,-71.5364
MARGOS,0,0,1,112,-16.399,-71.5364
QUISQUI,0,0,1,112,-16.399,-71.5364
SAN FRANCISCO DE CAYRAN,0,0,1,112,-16.399,-71.5364
SAN PEDRO DE CHAULAN,0,0,1,112,-16.399,-71.5364
SANTA MARIA DEL VALLE,0,0,1,112,-16.399,-71.5364
YARUMAYO,0,0,1,112,-16.399,-71.5364
PILLCO MARCA,0,0,1,112,-16.399,-71.5364
AMBO,0,0,1,113,-16.399,-71.5364
CAYNA,0,0,1,113,-16.399,-71.5364
COLPAS,0,0,1,113,-16.399,-71.5364
CONCHAMARCA,0,0,1,113,-16.399,-71.5364
HUACAR,0,0,1,113,-16.399,-71.5364
SAN FRANCISCO,0,0,1,113,-16.399,-71.5364
SAN RAFAEL,0,0,1,113,-16.399,-71.5364
TOMAY KICHWA,0,0,1,113,-16.399,-71.5364
LA UNION,0,0,1,114,-16.399,-71.5364
CHUQUIS,0,0,1,114,-16.399,-71.5364
MARIAS,0,0,1,114,-16.399,-71.5364
PACHAS,0,0,1,114,-16.399,-71.5364
QUIVILLA,0,0,1,114,-16.399,-71.5364
RIPAN,0,0,1,114,-16.399,-71.5364
SHUNQUI,0,0,1,114,-16.399,-71.5364
SILLAPATA,0,0,1,114,-16.399,-71.5364
YANAS,0,0,1,114,-16.399,-71.5364
HUACAYBAMBA,0,0,1,115,-16.399,-71.5364
CANCHABAMBA,0,0,1,115,-16.399,-71.5364
COCHABAMBA,0,0,1,115,-16.399,-71.5364
PINRA,0,0,1,115,-16.399,-71.5364
LLATA,0,0,1,116,-16.399,-71.5364
ARANCAY,0,0,1,116,-16.399,-71.5364
CHAVIN DE PARIARCA,0,0,1,116,-16.399,-71.5364
JACAS GRANDE,0,0,1,116,-16.399,-71.5364
JIRCAN,0,0,1,116,-16.399,-71.5364
MIRAFLORES,0,0,1,116,-16.399,-71.5364
MONZON,0,0,1,116,-16.399,-71.5364
PUNCHAO,0,0,1,116,-16.399,-71.5364
PUÑOS,0,0,1,116,-16.399,-71.5364
SINGA,0,0,1,116,-16.399,-71.5364
TANTAMAYO,0,0,1,116,-16.399,-71.5364
RUPA-RUPA,0,0,1,117,-16.399,-71.5364
DANIEL ALOMIA ROBLES,0,0,1,117,-16.399,-71.5364
HERMILIO VALDIZAN,0,0,1,117,-16.399,-71.5364
JOSE CRESPO Y CASTILLO,0,0,1,117,-16.399,-71.5364
LUYANDO 1/,0,0,1,117,-16.399,-71.5364
MARIANO DAMASO BERAUN,0,0,1,117,-16.399,-71.5364
HUACRACHUCO,0,0,1,118,-16.399,-71.5364
CHOLON,0,0,1,118,-16.399,-71.5364
SAN BUENAVENTURA,0,0,1,118,-16.399,-71.5364
PANAO,0,0,1,119,-16.399,-71.5364
CHAGLLA,0,0,1,119,-16.399,-71.5364
MOLINO,0,0,1,119,-16.399,-71.5364
UMARI  ,0,0,1,119,-16.399,-71.5364
PUERTO INCA,0,0,1,120,-16.399,-71.5364
CODO DEL POZUZO,0,0,1,120,-16.399,-71.5364
HONORIA,0,0,1,120,-16.399,-71.5364
TOURNAVISTA,0,0,1,120,-16.399,-71.5364
YUYAPICHIS,0,0,1,120,-16.399,-71.5364
JESUS,0,0,1,121,-16.399,-71.5364
BAÑOS,0,0,1,121,-16.399,-71.5364
JIVIA,0,0,1,121,-16.399,-71.5364
QUEROPALCA,0,0,1,121,-16.399,-71.5364
RONDOS,0,0,1,121,-16.399,-71.5364
SAN FRANCISCO DE ASIS,0,0,1,121,-16.399,-71.5364
SAN MIGUEL DE CAURI,0,0,1,121,-16.399,-71.5364
CHAVINILLO,0,0,1,121,-16.399,-71.5364
CAHUAC,0,0,1,121,-16.399,-71.5364
CHACABAMBA,0,0,1,121,-16.399,-71.5364
APARICIO POMARES,0,0,1,121,-16.399,-71.5364
JACAS CHICO,0,0,1,121,-16.399,-71.5364
OBAS,0,0,1,121,-16.399,-71.5364
PAMPAMARCA,0,0,1,121,-16.399,-71.5364
CHORAS,0,0,1,121,-16.399,-71.5364
CHINCHA ALTA,0,0,1,122,-16.399,-71.5364
ALTO LARAN,0,0,1,122,-16.399,-71.5364
CHAVIN,0,0,1,122,-16.399,-71.5364
CHINCHA BAJA,0,0,1,122,-16.399,-71.5364
EL CARMEN,0,0,1,122,-16.399,-71.5364
GROCIO PRADO,0,0,1,122,-16.399,-71.5364
PUEBLO NUEVO,0,0,1,122,-16.399,-71.5364
SAN JUAN DE YANAC,0,0,1,122,-16.399,-71.5364
SAN PEDRO DE HUACARPANA,0,0,1,122,-16.399,-71.5364
SUNAMPE,0,0,1,122,-16.399,-71.5364
TAMBO DE MORA,0,0,1,122,-16.399,-71.5364
ICA,0,0,1,123,-16.399,-71.5364
LA TINGUIÑA,0,0,1,123,-16.399,-71.5364
LOS AQUIJES,0,0,1,123,-16.399,-71.5364
OCUCAJE,0,0,1,123,-16.399,-71.5364
PACHACUTEC,0,0,1,123,-16.399,-71.5364
PARCONA,0,0,1,123,-16.399,-71.5364
PUEBLO NUEVO,0,0,1,123,-16.399,-71.5364
SALAS,0,0,1,123,-16.399,-71.5364
SAN JOSE DE LOS MOLINOS,0,0,1,123,-16.399,-71.5364
SAN JUAN BAUTISTA,0,0,1,123,-16.399,-71.5364
SANTIAGO,0,0,1,123,-16.399,-71.5364
SUBTANJALLA,0,0,1,123,-16.399,-71.5364
TATE,0,0,1,123,-16.399,-71.5364
YAUCA DEL ROSARIO ,0,0,1,123,-16.399,-71.5364
CHINCHA ALTA,0,0,1,124,-16.399,-71.5364
ALTO LARAN,0,0,1,124,-16.399,-71.5364
CHAVIN,0,0,1,124,-16.399,-71.5364
CHINCHA BAJA,0,0,1,124,-16.399,-71.5364
EL CARMEN,0,0,1,124,-16.399,-71.5364
GROCIO PRADO,0,0,1,124,-16.399,-71.5364
PUEBLO NUEVO,0,0,1,124,-16.399,-71.5364
SAN JUAN DE YANAC,0,0,1,124,-16.399,-71.5364
SAN PEDRO DE HUACARPANA,0,0,1,124,-16.399,-71.5364
SUNAMPE,0,0,1,124,-16.399,-71.5364
TAMBO DE MORA,0,0,1,124,-16.399,-71.5364
NAZCA,0,0,1,125,-16.399,-71.5364
CHANGUILLO,0,0,1,125,-16.399,-71.5364
EL INGENIO,0,0,1,125,-16.399,-71.5364
MARCONA,0,0,1,125,-16.399,-71.5364
VISTA ALEGRE,0,0,1,125,-16.399,-71.5364
PALPA,0,0,1,126,-16.399,-71.5364
LLIPATA,0,0,1,126,-16.399,-71.5364
RIO GRANDE,0,0,1,126,-16.399,-71.5364
SANTA CRUZ,0,0,1,126,-16.399,-71.5364
TIBILLO,0,0,1,126,-16.399,-71.5364
PISCO,0,0,1,127,-16.399,-71.5364
HUANCANO,0,0,1,127,-16.399,-71.5364
HUMAY,0,0,1,127,-16.399,-71.5364
INDEPENDENCIA,0,0,1,127,-16.399,-71.5364
PARACAS,0,0,1,127,-16.399,-71.5364
SAN ANDRES,0,0,1,127,-16.399,-71.5364
SAN CLEMENTE,0,0,1,127,-16.399,-71.5364
TUPAC AMARU INCA,0,0,1,127,-16.399,-71.5364
HUANCAYO,0,0,1,128,-16.399,-71.5364
CARHUACALLANGA,0,0,1,128,-16.399,-71.5364
CHACAPAMPA,0,0,1,128,-16.399,-71.5364
CHICCHE,0,0,1,128,-16.399,-71.5364
CHILCA,0,0,1,128,-16.399,-71.5364
CHONGOS ALTO,0,0,1,128,-16.399,-71.5364
CHUPURO,0,0,1,128,-16.399,-71.5364
COLCA,0,0,1,128,-16.399,-71.5364
CULLHUAS,0,0,1,128,-16.399,-71.5364
EL TAMBO,0,0,1,128,-16.399,-71.5364
HUACRAPUQUIO,0,0,1,128,-16.399,-71.5364
HUALHUAS,0,0,1,128,-16.399,-71.5364
HUANCAN,0,0,1,128,-16.399,-71.5364
HUASICANCHA,0,0,1,128,-16.399,-71.5364
HUAYUCACHI,0,0,1,128,-16.399,-71.5364
INGENIO,0,0,1,128,-16.399,-71.5364
PARIAHUANCA   1/,0,0,1,128,-16.399,-71.5364
PILCOMAYO,0,0,1,128,-16.399,-71.5364
PUCARA,0,0,1,128,-16.399,-71.5364
QUICHUAY,0,0,1,128,-16.399,-71.5364
QUILCAS,0,0,1,128,-16.399,-71.5364
SAN AGUSTIN,0,0,1,128,-16.399,-71.5364
SAN JERONIMO DE TUNAN,0,0,1,128,-16.399,-71.5364
SAÑO,0,0,1,128,-16.399,-71.5364
SAPALLANGA,0,0,1,128,-16.399,-71.5364
SICAYA,0,0,1,128,-16.399,-71.5364
SANTO DOMINGO DE ACOBAMBA,0,0,1,128,-16.399,-71.5364
VIQUES,0,0,1,128,-16.399,-71.5364
CONCEPCION,0,0,1,129,-16.399,-71.5364
ACO,0,0,1,129,-16.399,-71.5364
ANDAMARCA,0,0,1,129,-16.399,-71.5364
CHAMBARA,0,0,1,129,-16.399,-71.5364
COCHAS,0,0,1,129,-16.399,-71.5364
COMAS,0,0,1,129,-16.399,-71.5364
HEROINAS TOLEDO,0,0,1,129,-16.399,-71.5364
MANZANARES,0,0,1,129,-16.399,-71.5364
MARISCAL CASTILLA,0,0,1,129,-16.399,-71.5364
MATAHUASI,0,0,1,129,-16.399,-71.5364
MITO,0,0,1,129,-16.399,-71.5364
NUEVE DE JULIO,0,0,1,129,-16.399,-71.5364
ORCOTUNA,0,0,1,129,-16.399,-71.5364
SAN JOSE DE QUERO,0,0,1,129,-16.399,-71.5364
SANTA ROSA DE OCOPA,0,0,1,129,-16.399,-71.5364
CHANCHAMAYO,0,0,1,130,-16.399,-71.5364
PERENE,0,0,1,130,-16.399,-71.5364
PICHANAQUI,0,0,1,130,-16.399,-71.5364
SAN LUIS DE SHUARO,0,0,1,130,-16.399,-71.5364
SAN RAMON,0,0,1,130,-16.399,-71.5364
VITOC,0,0,1,130,-16.399,-71.5364
JAUJA,0,0,1,131,-16.399,-71.5364
ACOLLA,0,0,1,131,-16.399,-71.5364
APATA,0,0,1,131,-16.399,-71.5364
ATAURA,0,0,1,131,-16.399,-71.5364
CANCHAYLLO,0,0,1,131,-16.399,-71.5364
CURICACA,0,0,1,131,-16.399,-71.5364
EL MANTARO,0,0,1,131,-16.399,-71.5364
HUAMALI,0,0,1,131,-16.399,-71.5364
HUARIPAMPA,0,0,1,131,-16.399,-71.5364
HUERTAS,0,0,1,131,-16.399,-71.5364
JANJAILLO,0,0,1,131,-16.399,-71.5364
JULCAN,0,0,1,131,-16.399,-71.5364
LEONOR ORDOÑEZ,0,0,1,131,-16.399,-71.5364
LLOCLLAPAMPA,0,0,1,131,-16.399,-71.5364
MARCO,0,0,1,131,-16.399,-71.5364
MASMA,0,0,1,131,-16.399,-71.5364
MASMA CHICCHE,0,0,1,131,-16.399,-71.5364
MOLINOS,0,0,1,131,-16.399,-71.5364
MONOBAMBA,0,0,1,131,-16.399,-71.5364
MUQUI,0,0,1,131,-16.399,-71.5364
MUQUIYAUYO,0,0,1,131,-16.399,-71.5364
PACA,0,0,1,131,-16.399,-71.5364
PACCHA,0,0,1,131,-16.399,-71.5364
PANCAN,0,0,1,131,-16.399,-71.5364
PARCO,0,0,1,131,-16.399,-71.5364
POMACANCHA,0,0,1,131,-16.399,-71.5364
RICRAN,0,0,1,131,-16.399,-71.5364
SAN LORENZO,0,0,1,131,-16.399,-71.5364
SAN PEDRO DE CHUNAN,0,0,1,131,-16.399,-71.5364
SAUSA,0,0,1,131,-16.399,-71.5364
SINCOS,0,0,1,131,-16.399,-71.5364
TUNAN MARCA,0,0,1,131,-16.399,-71.5364
YAULI,0,0,1,131,-16.399,-71.5364
YAUYOS,0,0,1,131,-16.399,-71.5364
JUNIN,0,0,1,132,-16.399,-71.5364
CARHUAMAYO,0,0,1,132,-16.399,-71.5364
ONDORES,0,0,1,132,-16.399,-71.5364
ULCUMAYO,0,0,1,132,-16.399,-71.5364
SATIPO,0,0,1,133,-16.399,-71.5364
COVIRIALI,0,0,1,133,-16.399,-71.5364
LLAYLLA,0,0,1,133,-16.399,-71.5364
MAZAMARI,0,0,1,133,-16.399,-71.5364
PAMPA HERMOSA,0,0,1,133,-16.399,-71.5364
PANGOA,0,0,1,133,-16.399,-71.5364
RIO NEGRO,0,0,1,133,-16.399,-71.5364
RIO TAMBO,0,0,1,133,-16.399,-71.5364
TARMA,0,0,1,134,-16.399,-71.5364
ACOBAMBA,0,0,1,134,-16.399,-71.5364
HUARICOLCA,0,0,1,134,-16.399,-71.5364
HUASAHUASI,0,0,1,134,-16.399,-71.5364
LA UNION,0,0,1,134,-16.399,-71.5364
PALCA,0,0,1,134,-16.399,-71.5364
PALCAMAYO,0,0,1,134,-16.399,-71.5364
SAN PEDRO DE CAJAS,0,0,1,134,-16.399,-71.5364
TAPO,0,0,1,134,-16.399,-71.5364
LA OROYA,0,0,1,135,-16.399,-71.5364
CHACAPALPA,0,0,1,135,-16.399,-71.5364
HUAY-HUAY,0,0,1,135,-16.399,-71.5364
MARCAPOMACOCHA,0,0,1,135,-16.399,-71.5364
MOROCOCHA,0,0,1,135,-16.399,-71.5364
PACCHA,0,0,1,135,-16.399,-71.5364
SANTA BARBARA DE CARHUACAYAN,0,0,1,135,-16.399,-71.5364
SANTA ROSA DE SACCO,0,0,1,135,-16.399,-71.5364
SUITUCANCHA,0,0,1,135,-16.399,-71.5364
YAULI,0,0,1,135,-16.399,-71.5364
CHUPACA,0,0,1,136,-16.399,-71.5364
AHUAC,0,0,1,136,-16.399,-71.5364
CHONGOS BAJO,0,0,1,136,-16.399,-71.5364
HUACHAC,0,0,1,136,-16.399,-71.5364
HUAMANCACA CHICO,0,0,1,136,-16.399,-71.5364
SAN JUAN DE ISCOS,0,0,1,136,-16.399,-71.5364
SAN JUAN DE JARPA,0,0,1,136,-16.399,-71.5364
TRES DE DICIEMBRE,0,0,1,136,-16.399,-71.5364
YANACANCHA,0,0,1,136,-16.399,-71.5364
TRUJILLO,0,0,1,137,-16.399,-71.5364
EL PORVENIR,0,0,1,137,-16.399,-71.5364
FLORENCIA DE MORA,0,0,1,137,-16.399,-71.5364
HUANCHACO,0,0,1,137,-16.399,-71.5364
LA ESPERANZA,0,0,1,137,-16.399,-71.5364
LAREDO,0,0,1,137,-16.399,-71.5364
MOCHE,0,0,1,137,-16.399,-71.5364
POROTO,0,0,1,137,-16.399,-71.5364
SALAVERRY,0,0,1,137,-16.399,-71.5364
SIMBAL,0,0,1,137,-16.399,-71.5364
VICTOR LARCO HERRERA,0,0,1,137,-16.399,-71.5364
ASCOPE,0,0,1,138,-16.399,-71.5364
CHICAMA,0,0,1,138,-16.399,-71.5364
CHOCOPE,0,0,1,138,-16.399,-71.5364
MAGDALENA DE CAO,0,0,1,138,-16.399,-71.5364
PAIJAN,0,0,1,138,-16.399,-71.5364
RAZURI,0,0,1,138,-16.399,-71.5364
SANTIAGO DE CAO,0,0,1,138,-16.399,-71.5364
CASA GRANDE,0,0,1,138,-16.399,-71.5364
BOLIVAR,0,0,1,139,-16.399,-71.5364
BAMBAMARCA,0,0,1,139,-16.399,-71.5364
CONDORMARCA /1,0,0,1,139,-16.399,-71.5364
LONGOTEA,0,0,1,139,-16.399,-71.5364
UCHUMARCA,0,0,1,139,-16.399,-71.5364
UCUNCHA,0,0,1,139,-16.399,-71.5364
CHEPEN,0,0,1,140,-16.399,-71.5364
PACANGA,0,0,1,140,-16.399,-71.5364
PUEBLO NUEVO,0,0,1,140,-16.399,-71.5364
JULCAN,0,0,1,141,-16.399,-71.5364
CALAMARCA,0,0,1,141,-16.399,-71.5364
CARABAMBA,0,0,1,141,-16.399,-71.5364
HUASO,0,0,1,141,-16.399,-71.5364
OTUZCO,0,0,1,142,-16.399,-71.5364
AGALLPAMPA,0,0,1,142,-16.399,-71.5364
CHARAT,0,0,1,142,-16.399,-71.5364
HUARANCHAL,0,0,1,142,-16.399,-71.5364
LA CUESTA,0,0,1,142,-16.399,-71.5364
MACHE,0,0,1,142,-16.399,-71.5364
PARANDAY,0,0,1,142,-16.399,-71.5364
SALPO,0,0,1,142,-16.399,-71.5364
SINSICAP,0,0,1,142,-16.399,-71.5364
USQUIL,0,0,1,142,-16.399,-71.5364
SAN PEDRO DE LLOC,0,0,1,143,-16.399,-71.5364
GUADALUPE,0,0,1,143,-16.399,-71.5364
JEQUETEPEQUE,0,0,1,143,-16.399,-71.5364
PACASMAYO,0,0,1,143,-16.399,-71.5364
SAN JOSE,0,0,1,143,-16.399,-71.5364
TAYABAMBA,0,0,1,144,-16.399,-71.5364
BULDIBUYO,0,0,1,144,-16.399,-71.5364
CHILLIA,0,0,1,144,-16.399,-71.5364
HUANCASPATA,0,0,1,144,-16.399,-71.5364
HUAYLILLAS,0,0,1,144,-16.399,-71.5364
HUAYO,0,0,1,144,-16.399,-71.5364
ONGON,0,0,1,144,-16.399,-71.5364
PARCOY,0,0,1,144,-16.399,-71.5364
PATAZ,0,0,1,144,-16.399,-71.5364
PIAS,0,0,1,144,-16.399,-71.5364
SANTIAGO DE CHALLAS,0,0,1,144,-16.399,-71.5364
TAURIJA,0,0,1,144,-16.399,-71.5364
URPAY,0,0,1,144,-16.399,-71.5364
HUAMACHUCO,0,0,1,145,-16.399,-71.5364
CHUGAY,0,0,1,145,-16.399,-71.5364
COCHORCO,0,0,1,145,-16.399,-71.5364
CURGOS,0,0,1,145,-16.399,-71.5364
MARCABAL,0,0,1,145,-16.399,-71.5364
SANAGORAN,0,0,1,145,-16.399,-71.5364
SARIN,0,0,1,145,-16.399,-71.5364
SARTIMBAMBA,0,0,1,145,-16.399,-71.5364
SANTIAGO DE CHUCO,0,0,1,146,-16.399,-71.5364
ANGASMARCA,0,0,1,146,-16.399,-71.5364
CACHICADAN,0,0,1,146,-16.399,-71.5364
MOLLEBAMBA,0,0,1,146,-16.399,-71.5364
MOLLEPATA,0,0,1,146,-16.399,-71.5364
QUIRUVILCA,0,0,1,146,-16.399,-71.5364
SANTA CRUZ DE CHUCA,0,0,1,146,-16.399,-71.5364
SITABAMBA,0,0,1,146,-16.399,-71.5364
CASCAS,0,0,1,147,-16.399,-71.5364
LUCMA,0,0,1,147,-16.399,-71.5364
COMPIN,0,0,1,147,-16.399,-71.5364
SAYAPULLO,0,0,1,147,-16.399,-71.5364
VIRU,0,0,1,148,-16.399,-71.5364
CHICLAYO,0,0,1,149,-16.399,-71.5364
CHONGOYAPE,0,0,1,149,-16.399,-71.5364
ETEN,0,0,1,149,-16.399,-71.5364
ETEN PUERTO,0,0,1,149,-16.399,-71.5364
JOSE LEONARDO ORTIZ,0,0,1,149,-16.399,-71.5364
LA VICTORIA,0,0,1,149,-16.399,-71.5364
LAGUNAS   ,0,0,1,149,-16.399,-71.5364
MONSEFU,0,0,1,149,-16.399,-71.5364
NUEVA ARICA,0,0,1,149,-16.399,-71.5364
OYOTUN,0,0,1,149,-16.399,-71.5364
PICSI,0,0,1,149,-16.399,-71.5364
PIMENTEL,0,0,1,149,-16.399,-71.5364
REQUE,0,0,1,149,-16.399,-71.5364
SANTA ROSA,0,0,1,149,-16.399,-71.5364
SAÑA,0,0,1,149,-16.399,-71.5364
CAYALTI,0,0,1,149,-16.399,-71.5364
PATAPO,0,0,1,149,-16.399,-71.5364
POMALCA,0,0,1,149,-16.399,-71.5364
PUCALA,0,0,1,149,-16.399,-71.5364
TUMAN,0,0,1,149,-16.399,-71.5364
FERREÑAFE,0,0,1,150,-16.399,-71.5364
CAÑARIS,0,0,1,150,-16.399,-71.5364
INCAHUASI,0,0,1,150,-16.399,-71.5364
MANUEL ANTONIO MESONES MURO,0,0,1,150,-16.399,-71.5364
PITIPO,0,0,1,150,-16.399,-71.5364
PUEBLO NUEVO,0,0,1,150,-16.399,-71.5364
LAMBAYEQUE,0,0,1,151,-16.399,-71.5364
CHOCHOPE,0,0,1,151,-16.399,-71.5364
ILLIMO,0,0,1,151,-16.399,-71.5364
JAYANCA,0,0,1,151,-16.399,-71.5364
MOCHUMI,0,0,1,151,-16.399,-71.5364
MORROPE,0,0,1,151,-16.399,-71.5364
MOTUPE,0,0,1,151,-16.399,-71.5364
OLMOS,0,0,1,151,-16.399,-71.5364
PACORA,0,0,1,151,-16.399,-71.5364
SALAS,0,0,1,151,-16.399,-71.5364
SAN JOSE,0,0,1,151,-16.399,-71.5364
TUCUME,0,0,1,151,-16.399,-71.5364
LIMA,0,0,1,152,-16.399,-71.5364
ANCON,0,0,1,152,-16.399,-71.5364
ATE,0,0,1,152,-16.399,-71.5364
BARRANCO,0,0,1,152,-16.399,-71.5364
BREÑA,0,0,1,152,-16.399,-71.5364
CARABAYLLO,0,0,1,152,-16.399,-71.5364
CHACLACAYO,0,0,1,152,-16.399,-71.5364
CHORRILLOS,0,0,1,152,-16.399,-71.5364
CIENEGUILLA,0,0,1,152,-16.399,-71.5364
COMAS,0,0,1,152,-16.399,-71.5364
EL AGUSTINO,0,0,1,152,-16.399,-71.5364
INDEPENDENCIA,0,0,1,152,-16.399,-71.5364
JESUS MARIA,0,0,1,152,-16.399,-71.5364
LA MOLINA,0,0,1,152,-16.399,-71.5364
LA VICTORIA,0,0,1,152,-16.399,-71.5364
LINCE,0,0,1,152,-16.399,-71.5364
LOS OLIVOS,0,0,1,152,-16.399,-71.5364
LURIGANCHO,0,0,1,152,-16.399,-71.5364
LURIN,0,0,1,152,-16.399,-71.5364
MAGDALENA DEL MAR,0,0,1,152,-16.399,-71.5364
PUEBLO LIBRE,0,0,1,152,-16.399,-71.5364
MIRAFLORES,0,0,1,152,-16.399,-71.5364
PACHACAMAC,0,0,1,152,-16.399,-71.5364
PUCUSANA,0,0,1,152,-16.399,-71.5364
PUENTE PIEDRA,0,0,1,152,-16.399,-71.5364
PUNTA HERMOSA,0,0,1,152,-16.399,-71.5364
PUNTA NEGRA,0,0,1,152,-16.399,-71.5364
RIMAC,0,0,1,152,-16.399,-71.5364
SAN BARTOLO,0,0,1,152,-16.399,-71.5364
SAN BORJA,0,0,1,152,-16.399,-71.5364
SAN ISIDRO,0,0,1,152,-16.399,-71.5364
SAN JUAN DE LURIGANCHO,0,0,1,152,-16.399,-71.5364
SAN JUAN DE MIRAFLORES,0,0,1,152,-16.399,-71.5364
SAN LUIS,0,0,1,152,-16.399,-71.5364
SAN MARTIN DE PORRES,0,0,1,152,-16.399,-71.5364
SAN MIGUEL,0,0,1,152,-16.399,-71.5364
SANTA ANITA,0,0,1,152,-16.399,-71.5364
SANTA MARIA DEL MAR,0,0,1,152,-16.399,-71.5364
SANTA ROSA,0,0,1,152,-16.399,-71.5364
SANTIAGO DE SURCO,0,0,1,152,-16.399,-71.5364
SURQUILLO,0,0,1,152,-16.399,-71.5364
VILLA EL SALVADOR,0,0,1,152,-16.399,-71.5364
VILLA MARIA DEL TRIUNFO,0,0,1,152,-16.399,-71.5364
BARRANCA,0,0,1,153,-16.399,-71.5364
PARAMONGA,0,0,1,153,-16.399,-71.5364
PATIVILCA,0,0,1,153,-16.399,-71.5364
SUPE,0,0,1,153,-16.399,-71.5364
SUPE PUERTO,0,0,1,153,-16.399,-71.5364
CAJATAMBO,0,0,1,154,-16.399,-71.5364
COPA,0,0,1,154,-16.399,-71.5364
GORGOR,0,0,1,154,-16.399,-71.5364
HUANCAPON,0,0,1,154,-16.399,-71.5364
MANAS,0,0,1,154,-16.399,-71.5364
CANTA,0,0,1,155,-16.399,-71.5364
ARAHUAY,0,0,1,155,-16.399,-71.5364
HUAMANTANGA,0,0,1,155,-16.399,-71.5364
HUAROS,0,0,1,155,-16.399,-71.5364
LACHAQUI,0,0,1,155,-16.399,-71.5364
SAN BUENAVENTURA,0,0,1,155,-16.399,-71.5364
SANTA ROSA DE QUIVES,0,0,1,155,-16.399,-71.5364
SAN VICENTE DE CAÑETE,0,0,1,156,-16.399,-71.5364
ASIA,0,0,1,156,-16.399,-71.5364
CALANGO,0,0,1,156,-16.399,-71.5364
CERRO AZUL,0,0,1,156,-16.399,-71.5364
CHILCA,0,0,1,156,-16.399,-71.5364
COAYLLO,0,0,1,156,-16.399,-71.5364
IMPERIAL,0,0,1,156,-16.399,-71.5364
LUNAHUANA,0,0,1,156,-16.399,-71.5364
MALA,0,0,1,156,-16.399,-71.5364
NUEVO IMPERIAL,0,0,1,156,-16.399,-71.5364
PACARAN,0,0,1,156,-16.399,-71.5364
QUILMANA,0,0,1,156,-16.399,-71.5364
SAN ANTONIO,0,0,1,156,-16.399,-71.5364
SAN LUIS,0,0,1,156,-16.399,-71.5364
SANTA CRUZ DE FLORES,0,0,1,156,-16.399,-71.5364
ZUÑIGA,0,0,1,156,-16.399,-71.5364
HUARAL,0,0,1,157,-16.399,-71.5364
ATAVILLOS ALTO,0,0,1,157,-16.399,-71.5364
ATAVILLOS BAJO,0,0,1,157,-16.399,-71.5364
AUCALLAMA,0,0,1,157,-16.399,-71.5364
CHANCAY,0,0,1,157,-16.399,-71.5364
IHUARI,0,0,1,157,-16.399,-71.5364
LAMPIAN,0,0,1,157,-16.399,-71.5364
PACARAOS,0,0,1,157,-16.399,-71.5364
SAN MIGUEL DE ACOS,0,0,1,157,-16.399,-71.5364
SANTA CRUZ DE ANDAMARCA,0,0,1,157,-16.399,-71.5364
SUMBILCA,0,0,1,157,-16.399,-71.5364
VEINTISIETE DE NOVIEMBRE,0,0,1,157,-16.399,-71.5364
MATUCANA,0,0,1,158,-16.399,-71.5364
ANTIOQUIA,0,0,1,158,-16.399,-71.5364
CALLAHUANCA,0,0,1,158,-16.399,-71.5364
CARAMPOMA,0,0,1,158,-16.399,-71.5364
CHICLA,0,0,1,158,-16.399,-71.5364
CUENCA,0,0,1,158,-16.399,-71.5364
HUACHUPAMPA,0,0,1,158,-16.399,-71.5364
HUANZA,0,0,1,158,-16.399,-71.5364
HUAROCHIRI,0,0,1,158,-16.399,-71.5364
LAHUAYTAMBO,0,0,1,158,-16.399,-71.5364
LANGA,0,0,1,158,-16.399,-71.5364
LARAOS,0,0,1,158,-16.399,-71.5364
MARIATANA,0,0,1,158,-16.399,-71.5364
RICARDO PALMA,0,0,1,158,-16.399,-71.5364
SAN ANDRES DE TUPICOCHA,0,0,1,158,-16.399,-71.5364
SAN ANTONIO,0,0,1,158,-16.399,-71.5364
SAN BARTOLOME,0,0,1,158,-16.399,-71.5364
SAN DAMIAN,0,0,1,158,-16.399,-71.5364
SAN JUAN DE IRIS,0,0,1,158,-16.399,-71.5364
SAN JUAN DE TANTARANCHE,0,0,1,158,-16.399,-71.5364
SAN LORENZO DE QUINTI,0,0,1,158,-16.399,-71.5364
SAN MATEO,0,0,1,158,-16.399,-71.5364
SAN MATEO DE OTAO,0,0,1,158,-16.399,-71.5364
SAN PEDRO DE CASTA,0,0,1,158,-16.399,-71.5364
SAN PEDRO DE HUANCAYRE,0,0,1,158,-16.399,-71.5364
SANGALLAYA,0,0,1,158,-16.399,-71.5364
SANTA CRUZ DE COCACHACRA,0,0,1,158,-16.399,-71.5364
SANTA EULALIA,0,0,1,158,-16.399,-71.5364
SANTIAGO DE ANCHUCAYA,0,0,1,158,-16.399,-71.5364
SANTIAGO DE TUNA,0,0,1,158,-16.399,-71.5364
SANTO DOMINGO DE LOS OLLEROS,0,0,1,158,-16.399,-71.5364
SURCO,0,0,1,158,-16.399,-71.5364
HUACHO,0,0,1,159,-16.399,-71.5364
AMBAR,0,0,1,159,-16.399,-71.5364
CALETA DE CARQUIN,0,0,1,159,-16.399,-71.5364
CHECRAS,0,0,1,159,-16.399,-71.5364
HUALMAY,0,0,1,159,-16.399,-71.5364
HUAURA,0,0,1,159,-16.399,-71.5364
LEONCIO PRADO,0,0,1,159,-16.399,-71.5364
PACCHO,0,0,1,159,-16.399,-71.5364
SANTA LEONOR,0,0,1,159,-16.399,-71.5364
SANTA MARIA,0,0,1,159,-16.399,-71.5364
SAYAN,0,0,1,159,-16.399,-71.5364
VEGUETA,0,0,1,159,-16.399,-71.5364
OYON,0,0,1,160,-16.399,-71.5364
ANDAJES,0,0,1,160,-16.399,-71.5364
CAUJUL,0,0,1,160,-16.399,-71.5364
COCHAMARCA,0,0,1,160,-16.399,-71.5364
NAVAN,0,0,1,160,-16.399,-71.5364
PACHANGARA,0,0,1,160,-16.399,-71.5364
YAUYOS,0,0,1,161,-16.399,-71.5364
ALIS,0,0,1,161,-16.399,-71.5364
ALLAUCA,0,0,1,161,-16.399,-71.5364
AYAVIRI,0,0,1,161,-16.399,-71.5364
AZANGARO,0,0,1,161,-16.399,-71.5364
CACRA,0,0,1,161,-16.399,-71.5364
CARANIA,0,0,1,161,-16.399,-71.5364
CATAHUASI,0,0,1,161,-16.399,-71.5364
CHOCOS,0,0,1,161,-16.399,-71.5364
COCHAS,0,0,1,161,-16.399,-71.5364
COLONIA,0,0,1,161,-16.399,-71.5364
HONGOS,0,0,1,161,-16.399,-71.5364
HUAMPARA,0,0,1,161,-16.399,-71.5364
HUANCAYA,0,0,1,161,-16.399,-71.5364
HUANGASCAR,0,0,1,161,-16.399,-71.5364
HUANTAN,0,0,1,161,-16.399,-71.5364
HUAÑEC,0,0,1,161,-16.399,-71.5364
LARAOS,0,0,1,161,-16.399,-71.5364
LINCHA,0,0,1,161,-16.399,-71.5364
MADEAN,0,0,1,161,-16.399,-71.5364
MIRAFLORES,0,0,1,161,-16.399,-71.5364
OMAS,0,0,1,161,-16.399,-71.5364
PUTINZA,0,0,1,161,-16.399,-71.5364
QUINCHES,0,0,1,161,-16.399,-71.5364
QUINOCAY,0,0,1,161,-16.399,-71.5364
SAN JOAQUIN,0,0,1,161,-16.399,-71.5364
SAN PEDRO DE PILAS,0,0,1,161,-16.399,-71.5364
TANTA,0,0,1,161,-16.399,-71.5364
TAURIPAMPA,0,0,1,161,-16.399,-71.5364
TOMAS,0,0,1,161,-16.399,-71.5364
TUPE,0,0,1,161,-16.399,-71.5364
VIÑAC,0,0,1,161,-16.399,-71.5364
VITIS,0,0,1,161,-16.399,-71.5364
IQUITOS,0,0,1,162,-16.399,-71.5364
ALTO NANAY,0,0,1,162,-16.399,-71.5364
FERNANDO LORES,0,0,1,162,-16.399,-71.5364
INDIANA,0,0,1,162,-16.399,-71.5364
LAS AMAZONAS,0,0,1,162,-16.399,-71.5364
MAZAN,0,0,1,162,-16.399,-71.5364
NAPO,0,0,1,162,-16.399,-71.5364
PUNCHANA,0,0,1,162,-16.399,-71.5364
PUTUMAYO    ,0,0,1,162,-16.399,-71.5364
TORRES CAUSANA,0,0,1,162,-16.399,-71.5364
BELEN,0,0,1,162,-16.399,-71.5364
SAN JUAN BAUTISTA,0,0,1,162,-16.399,-71.5364
TENIENTE MANUEL CLAVERO,0,0,1,162,-16.399,-71.5364
YURIMAGUAS,0,0,1,163,-16.399,-71.5364
BALSAPUERTO,0,0,1,163,-16.399,-71.5364
JEBEROS,0,0,1,163,-16.399,-71.5364
LAGUNAS,0,0,1,163,-16.399,-71.5364
SANTA CRUZ,0,0,1,163,-16.399,-71.5364
TENIENTE CESAR LOPEZ ROJAS,0,0,1,163,-16.399,-71.5364
NAUTA,0,0,1,164,-16.399,-71.5364
PARINARI ,0,0,1,164,-16.399,-71.5364
TIGRE,0,0,1,164,-16.399,-71.5364
TROMPETEROS,0,0,1,164,-16.399,-71.5364
URARINAS,0,0,1,164,-16.399,-71.5364
RAMON CASTILLA,0,0,1,165,-16.399,-71.5364
PEBAS,0,0,1,165,-16.399,-71.5364
YAVARI  /1,0,0,1,165,-16.399,-71.5364
SAN PABLO,0,0,1,165,-16.399,-71.5364
REQUENA,0,0,1,166,-16.399,-71.5364
ALTO TAPICHE,0,0,1,166,-16.399,-71.5364
CAPELO,0,0,1,166,-16.399,-71.5364
EMILIO SAN MARTIN,0,0,1,166,-16.399,-71.5364
MAQUIA,0,0,1,166,-16.399,-71.5364
PUINAHUA,0,0,1,166,-16.399,-71.5364
SAQUENA,0,0,1,166,-16.399,-71.5364
SOPLIN,0,0,1,166,-16.399,-71.5364
TAPICHE,0,0,1,166,-16.399,-71.5364
JENARO HERRERA,0,0,1,166,-16.399,-71.5364
YAQUERANA    ,0,0,1,166,-16.399,-71.5364
CONTAMANA,0,0,1,167,-16.399,-71.5364
INAHUAYA,0,0,1,167,-16.399,-71.5364
PADRE MARQUEZ,0,0,1,167,-16.399,-71.5364
PAMPA HERMOSA,0,0,1,167,-16.399,-71.5364
SARAYACU,0,0,1,167,-16.399,-71.5364
VARGAS GUERRA,0,0,1,167,-16.399,-71.5364
BARRANCA,0,0,1,168,-16.399,-71.5364
CAHUAPANAS,0,0,1,168,-16.399,-71.5364
MANSERICHE,0,0,1,168,-16.399,-71.5364
MORONA,0,0,1,168,-16.399,-71.5364
PASTAZA,0,0,1,168,-16.399,-71.5364
ANDOAS,0,0,1,168,-16.399,-71.5364
TAMBOPATA,0,0,1,169,-16.399,-71.5364
INAMBARI,0,0,1,169,-16.399,-71.5364
LAS PIEDRAS,0,0,1,169,-16.399,-71.5364
LABERINTO,0,0,1,169,-16.399,-71.5364
MANU,0,0,1,170,-16.399,-71.5364
FITZCARRALD,0,0,1,170,-16.399,-71.5364
MADRE DE DIOS,0,0,1,170,-16.399,-71.5364
HUEPETUHE,0,0,1,170,-16.399,-71.5364
IÑAPARI,0,0,1,171,-16.399,-71.5364
IBERIA,0,0,1,171,-16.399,-71.5364
TAHUAMANU,0,0,1,171,-16.399,-71.5364
MOQUEGUA,0,0,1,172,-16.399,-71.5364
CARUMAS,0,0,1,172,-16.399,-71.5364
CUCHUMBAYA,0,0,1,172,-16.399,-71.5364
SAMEGUA,0,0,1,172,-16.399,-71.5364
SAN CRISTOBAL,0,0,1,172,-16.399,-71.5364
TORATA,0,0,1,172,-16.399,-71.5364
OMATE,0,0,1,173,-16.399,-71.5364
CHOJATA,0,0,1,173,-16.399,-71.5364
COALAQUE,0,0,1,173,-16.399,-71.5364
ICHUÑA,0,0,1,173,-16.399,-71.5364
LA CAPILLA,0,0,1,173,-16.399,-71.5364
LLOQUE,0,0,1,173,-16.399,-71.5364
MATALAQUE,0,0,1,173,-16.399,-71.5364
PUQUINA,0,0,1,173,-16.399,-71.5364
QUINISTAQUILLAS,0,0,1,173,-16.399,-71.5364
UBINAS,0,0,1,173,-16.399,-71.5364
YUNGA,0,0,1,173,-16.399,-71.5364
ILO,0,0,1,174,-16.399,-71.5364
EL ALGARROBAL,0,0,1,174,-16.399,-71.5364
PACOCHA,0,0,1,174,-16.399,-71.5364
CHAUPIMARCA,0,0,1,175,-16.399,-71.5364
HUACHON,0,0,1,175,-16.399,-71.5364
HUARIACA,0,0,1,175,-16.399,-71.5364
HUAYLLAY,0,0,1,175,-16.399,-71.5364
NINACACA,0,0,1,175,-16.399,-71.5364
PALLANCHACRA,0,0,1,175,-16.399,-71.5364
PAUCARTAMBO,0,0,1,175,-16.399,-71.5364
SAN FCO DE ASIS DE YARUSYACAN,0,0,1,175,-16.399,-71.5364
SIMON BOLIVAR,0,0,1,175,-16.399,-71.5364
TICLACAYAN,0,0,1,175,-16.399,-71.5364
TINYAHUARCO,0,0,1,175,-16.399,-71.5364
VICCO,0,0,1,175,-16.399,-71.5364
YANACANCHA,0,0,1,175,-16.399,-71.5364
YANAHUANCA,0,0,1,176,-16.399,-71.5364
CHACAYAN,0,0,1,176,-16.399,-71.5364
GOYLLARISQUIZGA,0,0,1,176,-16.399,-71.5364
PAUCAR,0,0,1,176,-16.399,-71.5364
SAN PEDRO DE PILLAO,0,0,1,176,-16.399,-71.5364
SANTA ANA DE TUSI,0,0,1,176,-16.399,-71.5364
TAPUC,0,0,1,176,-16.399,-71.5364
VILCABAMBA,0,0,1,176,-16.399,-71.5364
OXAPAMPA,0,0,1,177,-16.399,-71.5364
CHONTABAMBA,0,0,1,177,-16.399,-71.5364
HUANCABAMBA,0,0,1,177,-16.399,-71.5364
PALCAZU,0,0,1,177,-16.399,-71.5364
POZUZO,0,0,1,177,-16.399,-71.5364
PUERTO BERMUDEZ,0,0,1,177,-16.399,-71.5364
VILLA RICA,0,0,1,177,-16.399,-71.5364
PIURA,0,0,1,178,-16.399,-71.5364
CASTILLA,0,0,1,178,-16.399,-71.5364
CATACAOS,0,0,1,178,-16.399,-71.5364
CURA MORI,0,0,1,178,-16.399,-71.5364
EL TALLAN,0,0,1,178,-16.399,-71.5364
LA ARENA,0,0,1,178,-16.399,-71.5364
LA UNION,0,0,1,178,-16.399,-71.5364
LAS LOMAS,0,0,1,178,-16.399,-71.5364
TAMBO GRANDE,0,0,1,178,-16.399,-71.5364
AYABACA,0,0,1,179,-16.399,-71.5364
FRIAS,0,0,1,179,-16.399,-71.5364
JILILI,0,0,1,179,-16.399,-71.5364
LAGUNAS,0,0,1,179,-16.399,-71.5364
MONTERO,0,0,1,179,-16.399,-71.5364
PACAIPAMPA,0,0,1,179,-16.399,-71.5364
PAIMAS,0,0,1,179,-16.399,-71.5364
SAPILLICA,0,0,1,179,-16.399,-71.5364
SICCHEZ,0,0,1,179,-16.399,-71.5364
SUYO,0,0,1,179,-16.399,-71.5364
HUANCABAMBA,0,0,1,180,-16.399,-71.5364
CANCHAQUE,0,0,1,180,-16.399,-71.5364
EL CARMEN DE LA FRONTERA,0,0,1,180,-16.399,-71.5364
HUARMACA,0,0,1,180,-16.399,-71.5364
LALAQUIZ,0,0,1,180,-16.399,-71.5364
SAN MIGUEL DE EL FAIQUE,0,0,1,180,-16.399,-71.5364
SONDOR,0,0,1,180,-16.399,-71.5364
SONDORILLO,0,0,1,180,-16.399,-71.5364
CHULUCANAS,0,0,1,181,-16.399,-71.5364
BUENOS AIRES,0,0,1,181,-16.399,-71.5364
CHALACO,0,0,1,181,-16.399,-71.5364
LA MATANZA,0,0,1,181,-16.399,-71.5364
MORROPON,0,0,1,181,-16.399,-71.5364
SALITRAL,0,0,1,181,-16.399,-71.5364
SAN JUAN DE BIGOTE,0,0,1,181,-16.399,-71.5364
SANTA CATALINA DE MOSSA,0,0,1,181,-16.399,-71.5364
SANTO DOMINGO,0,0,1,181,-16.399,-71.5364
YAMANGO,0,0,1,181,-16.399,-71.5364
PAITA,0,0,1,182,-16.399,-71.5364
AMOTAPE,0,0,1,182,-16.399,-71.5364
ARENAL,0,0,1,182,-16.399,-71.5364
COLAN,0,0,1,182,-16.399,-71.5364
LA HUACA,0,0,1,182,-16.399,-71.5364
TAMARINDO,0,0,1,182,-16.399,-71.5364
VICHAYAL,0,0,1,182,-16.399,-71.5364
SULLANA,0,0,1,183,-16.399,-71.5364
BELLAVISTA,0,0,1,183,-16.399,-71.5364
IGNACIO ESCUDERO,0,0,1,183,-16.399,-71.5364
LANCONES,0,0,1,183,-16.399,-71.5364
MARCAVELICA,0,0,1,183,-16.399,-71.5364
MIGUEL CHECA,0,0,1,183,-16.399,-71.5364
QUERECOTILLO,0,0,1,183,-16.399,-71.5364
SALITRAL,0,0,1,183,-16.399,-71.5364
PARIÑAS,0,0,1,184,-16.399,-71.5364
EL ALTO,0,0,1,184,-16.399,-71.5364
LA BREA,0,0,1,184,-16.399,-71.5364
LOBITOS,0,0,1,184,-16.399,-71.5364
LOS ORGANOS,0,0,1,184,-16.399,-71.5364
MANCORA,0,0,1,184,-16.399,-71.5364
SECHURA,0,0,1,185,-16.399,-71.5364
BELLAVISTA DE LA UNION,0,0,1,185,-16.399,-71.5364
BERNAL,0,0,1,185,-16.399,-71.5364
CRISTO NOS VALGA,0,0,1,185,-16.399,-71.5364
VICE,0,0,1,185,-16.399,-71.5364
RINCONADA LLICUAR,0,0,1,185,-16.399,-71.5364
PUNO,0,0,1,186,-16.399,-71.5364
ACORA,0,0,1,186,-16.399,-71.5364
AMANTANI,0,0,1,186,-16.399,-71.5364
ATUNCOLLA,0,0,1,186,-16.399,-71.5364
CAPACHICA,0,0,1,186,-16.399,-71.5364
CHUCUITO,0,0,1,186,-16.399,-71.5364
COATA,0,0,1,186,-16.399,-71.5364
HUATA,0,0,1,186,-16.399,-71.5364
MAÑAZO,0,0,1,186,-16.399,-71.5364
PAUCARCOLLA,0,0,1,186,-16.399,-71.5364
PICHACANI,0,0,1,186,-16.399,-71.5364
PLATERIA,0,0,1,186,-16.399,-71.5364
SAN ANTONIO  /1,0,0,1,186,-16.399,-71.5364
TIQUILLACA,0,0,1,186,-16.399,-71.5364
VILQUE,0,0,1,186,-16.399,-71.5364
AZANGARO,0,0,1,187,-16.399,-71.5364
ACHAYA,0,0,1,187,-16.399,-71.5364
ARAPA,0,0,1,187,-16.399,-71.5364
ASILLO,0,0,1,187,-16.399,-71.5364
CAMINACA,0,0,1,187,-16.399,-71.5364
CHUPA,0,0,1,187,-16.399,-71.5364
JOSE DOMINGO CHOQUEHUANCA,0,0,1,187,-16.399,-71.5364
MUÑANI,0,0,1,187,-16.399,-71.5364
POTONI,0,0,1,187,-16.399,-71.5364
SAMAN,0,0,1,187,-16.399,-71.5364
SAN ANTON,0,0,1,187,-16.399,-71.5364
SAN JOSE,0,0,1,187,-16.399,-71.5364
SAN JUAN DE SALINAS,0,0,1,187,-16.399,-71.5364
SANTIAGO DE PUPUJA,0,0,1,187,-16.399,-71.5364
TIRAPATA,0,0,1,187,-16.399,-71.5364
MACUSANI,0,0,1,188,-16.399,-71.5364
AJOYANI,0,0,1,188,-16.399,-71.5364
AYAPATA,0,0,1,188,-16.399,-71.5364
COASA,0,0,1,188,-16.399,-71.5364
CORANI,0,0,1,188,-16.399,-71.5364
CRUCERO,0,0,1,188,-16.399,-71.5364
ITUATA   2/,0,0,1,188,-16.399,-71.5364
OLLACHEA,0,0,1,188,-16.399,-71.5364
SAN GABAN,0,0,1,188,-16.399,-71.5364
USICAYOS,0,0,1,188,-16.399,-71.5364
JULI,0,0,1,189,-16.399,-71.5364
DESAGUADERO,0,0,1,189,-16.399,-71.5364
HUACULLANI,0,0,1,189,-16.399,-71.5364
KELLUYO,0,0,1,189,-16.399,-71.5364
PISACOMA,0,0,1,189,-16.399,-71.5364
POMATA,0,0,1,189,-16.399,-71.5364
ZEPITA,0,0,1,189,-16.399,-71.5364
ILAVE,0,0,1,190,-16.399,-71.5364
CAPAZO,0,0,1,190,-16.399,-71.5364
PILCUYO,0,0,1,190,-16.399,-71.5364
SANTA ROSA,0,0,1,190,-16.399,-71.5364
CONDURIRI,0,0,1,190,-16.399,-71.5364
HUANCANE,0,0,1,191,-16.399,-71.5364
COJATA,0,0,1,191,-16.399,-71.5364
HUATASANI,0,0,1,191,-16.399,-71.5364
INCHUPALLA,0,0,1,191,-16.399,-71.5364
PUSI,0,0,1,191,-16.399,-71.5364
ROSASPATA,0,0,1,191,-16.399,-71.5364
TARACO,0,0,1,191,-16.399,-71.5364
VILQUE CHICO,0,0,1,191,-16.399,-71.5364
LAMPA,0,0,1,192,-16.399,-71.5364
CABANILLA,0,0,1,192,-16.399,-71.5364
CALAPUJA,0,0,1,192,-16.399,-71.5364
NICASIO,0,0,1,192,-16.399,-71.5364
OCUVIRI,0,0,1,192,-16.399,-71.5364
PALCA,0,0,1,192,-16.399,-71.5364
PARATIA,0,0,1,192,-16.399,-71.5364
PUCARA,0,0,1,192,-16.399,-71.5364
SANTA LUCIA,0,0,1,192,-16.399,-71.5364
VILAVILA,0,0,1,192,-16.399,-71.5364
AYAVIRI,0,0,1,193,-16.399,-71.5364
ANTAUTA,0,0,1,193,-16.399,-71.5364
CUPI,0,0,1,193,-16.399,-71.5364
LLALLI,0,0,1,193,-16.399,-71.5364
MACARI,0,0,1,193,-16.399,-71.5364
NUÑOA,0,0,1,193,-16.399,-71.5364
ORURILLO,0,0,1,193,-16.399,-71.5364
SANTA ROSA,0,0,1,193,-16.399,-71.5364
UMACHIRI,0,0,1,193,-16.399,-71.5364
MOHO,0,0,1,194,-16.399,-71.5364
CONIMA,0,0,1,194,-16.399,-71.5364
HUAYRAPATA,0,0,1,194,-16.399,-71.5364
TILALI,0,0,1,194,-16.399,-71.5364
PUTINA,0,0,1,195,-16.399,-71.5364
ANANEA,0,0,1,195,-16.399,-71.5364
PEDRO VILCA APAZA,0,0,1,195,-16.399,-71.5364
QUILCAPUNCU,0,0,1,195,-16.399,-71.5364
SINA,0,0,1,195,-16.399,-71.5364
JULIACA,0,0,1,196,-16.399,-71.5364
CABANA,0,0,1,196,-16.399,-71.5364
CABANILLAS,0,0,1,196,-16.399,-71.5364
CARACOTO,0,0,1,196,-16.399,-71.5364
SANDIA,0,0,1,197,-16.399,-71.5364
CUYOCUYO,0,0,1,197,-16.399,-71.5364
LIMBANI,0,0,1,197,-16.399,-71.5364
PATAMBUCO,0,0,1,197,-16.399,-71.5364
PHARA,0,0,1,197,-16.399,-71.5364
QUIACA,0,0,1,197,-16.399,-71.5364
SAN JUAN DEL ORO,0,0,1,197,-16.399,-71.5364
YANAHUAYA,0,0,1,197,-16.399,-71.5364
ALTO INAMBARI,0,0,1,197,-16.399,-71.5364
SAN PEDRO DE PUTINA PUNCO,0,0,1,197,-16.399,-71.5364
YUNGUYO,0,0,1,198,-16.399,-71.5364
ANAPIA,0,0,1,198,-16.399,-71.5364
COPANI,0,0,1,198,-16.399,-71.5364
CUTURAPI,0,0,1,198,-16.399,-71.5364
OLLARAYA,0,0,1,198,-16.399,-71.5364
TINICACHI,0,0,1,198,-16.399,-71.5364
UNICACHI,0,0,1,198,-16.399,-71.5364
MOYOBAMBA,0,0,1,199,-16.399,-71.5364
CALZADA,0,0,1,199,-16.399,-71.5364
HABANA,0,0,1,199,-16.399,-71.5364
JEPELACIO,0,0,1,199,-16.399,-71.5364
SORITOR,0,0,1,199,-16.399,-71.5364
YANTALO,0,0,1,199,-16.399,-71.5364
BELLAVISTA,0,0,1,200,-16.399,-71.5364
ALTO BIAVO,0,0,1,200,-16.399,-71.5364
BAJO BIAVO,0,0,1,200,-16.399,-71.5364
HUALLAGA,0,0,1,200,-16.399,-71.5364
SAN PABLO,0,0,1,200,-16.399,-71.5364
SAN RAFAEL,0,0,1,200,-16.399,-71.5364
SAN JOSE DE SISA,0,0,1,201,-16.399,-71.5364
AGUA BLANCA,0,0,1,201,-16.399,-71.5364
SAN MARTIN,0,0,1,201,-16.399,-71.5364
SANTA ROSA,0,0,1,201,-16.399,-71.5364
SHATOJA,0,0,1,201,-16.399,-71.5364
SAPOSOA,0,0,1,202,-16.399,-71.5364
ALTO SAPOSOA,0,0,1,202,-16.399,-71.5364
EL ESLABON,0,0,1,202,-16.399,-71.5364
PISCOYACU,0,0,1,202,-16.399,-71.5364
SACANCHE,0,0,1,202,-16.399,-71.5364
TINGO DE SAPOSOA,0,0,1,202,-16.399,-71.5364
LAMAS,0,0,1,203,-16.399,-71.5364
ALONSO DE ALVARADO,0,0,1,203,-16.399,-71.5364
BARRANQUITA,0,0,1,203,-16.399,-71.5364
CAYNARACHI  ,0,0,1,203,-16.399,-71.5364
CUÑUMBUQUI,0,0,1,203,-16.399,-71.5364
PINTO RECODO,0,0,1,203,-16.399,-71.5364
RUMISAPA,0,0,1,203,-16.399,-71.5364
SAN ROQUE DE CUMBAZA,0,0,1,203,-16.399,-71.5364
SHANAO,0,0,1,203,-16.399,-71.5364
TABALOSOS,0,0,1,203,-16.399,-71.5364
ZAPATERO,0,0,1,203,-16.399,-71.5364
JUANJUI,0,0,1,204,-16.399,-71.5364
CAMPANILLA,0,0,1,204,-16.399,-71.5364
HUICUNGO,0,0,1,204,-16.399,-71.5364
PACHIZA,0,0,1,204,-16.399,-71.5364
PAJARILLO,0,0,1,204,-16.399,-71.5364
PICOTA,0,0,1,205,-16.399,-71.5364
BUENOS AIRES,0,0,1,205,-16.399,-71.5364
CASPISAPA,0,0,1,205,-16.399,-71.5364
PILLUANA,0,0,1,205,-16.399,-71.5364
PUCACACA,0,0,1,205,-16.399,-71.5364
SAN CRISTOBAL,0,0,1,205,-16.399,-71.5364
SAN HILARION,0,0,1,205,-16.399,-71.5364
SHAMBOYACU,0,0,1,205,-16.399,-71.5364
TINGO DE PONASA,0,0,1,205,-16.399,-71.5364
TRES UNIDOS,0,0,1,205,-16.399,-71.5364
RIOJA,0,0,1,206,-16.399,-71.5364
AWAJUN,0,0,1,206,-16.399,-71.5364
ELIAS SOPLIN VARGAS,0,0,1,206,-16.399,-71.5364
NUEVA CAJAMARCA,0,0,1,206,-16.399,-71.5364
PARDO MIGUEL,0,0,1,206,-16.399,-71.5364
POSIC,0,0,1,206,-16.399,-71.5364
SAN FERNANDO,0,0,1,206,-16.399,-71.5364
YORONGOS,0,0,1,206,-16.399,-71.5364
YURACYACU,0,0,1,206,-16.399,-71.5364
TARAPOTO,0,0,1,207,-16.399,-71.5364
ALBERTO LEVEAU,0,0,1,207,-16.399,-71.5364
CACATACHI,0,0,1,207,-16.399,-71.5364
CHAZUTA,0,0,1,207,-16.399,-71.5364
CHIPURANA,0,0,1,207,-16.399,-71.5364
EL PORVENIR,0,0,1,207,-16.399,-71.5364
HUIMBAYOC,0,0,1,207,-16.399,-71.5364
JUAN GUERRA,0,0,1,207,-16.399,-71.5364
LA BANDA DE SHILCAYO,0,0,1,207,-16.399,-71.5364
MORALES,0,0,1,207,-16.399,-71.5364
PAPAPLAYA,0,0,1,207,-16.399,-71.5364
SAN ANTONIO,0,0,1,207,-16.399,-71.5364
SAUCE,0,0,1,207,-16.399,-71.5364
SHAPAJA,0,0,1,207,-16.399,-71.5364
TOCACHE,0,0,1,208,-16.399,-71.5364
NUEVO PROGRESO,0,0,1,208,-16.399,-71.5364
POLVORA,0,0,1,208,-16.399,-71.5364
SHUNTE ,0,0,1,208,-16.399,-71.5364
UCHIZA,0,0,1,208,-16.399,-71.5364
TACNA,0,0,1,2009,-16.399,-71.5364
ALTO DE LA ALIANZA,0,0,1,2009,-16.399,-71.5364
CALANA,0,0,1,2009,-16.399,-71.5364
CIUDAD NUEVA,0,0,1,2009,-16.399,-71.5364
INCLAN,0,0,1,2009,-16.399,-71.5364
PACHIA,0,0,1,2009,-16.399,-71.5364
PALCA,0,0,1,2009,-16.399,-71.5364
POCOLLAY,0,0,1,2009,-16.399,-71.5364
SAMA,0,0,1,2009,-16.399,-71.5364
CNEL. GREGORIO ALBARRACIN,0,0,1,2009,-16.399,-71.5364
CANDARAVE,0,0,1,210,-16.399,-71.5364
CAIRANI,0,0,1,210,-16.399,-71.5364
CAMILACA,0,0,1,210,-16.399,-71.5364
CURIBAYA,0,0,1,210,-16.399,-71.5364
HUANUARA,0,0,1,210,-16.399,-71.5364
QUILAHUANI,0,0,1,210,-16.399,-71.5364
LOCUMBA,0,0,1,211,-16.399,-71.5364
ILABAYA,0,0,1,211,-16.399,-71.5364
ITE,0,0,1,211,-16.399,-71.5364
TARATA,0,0,1,212,-16.399,-71.5364
HEROES ALBARRACIN,0,0,1,212,-16.399,-71.5364
ESTIQUE,0,0,1,212,-16.399,-71.5364
ESTIQUE-PAMPA,0,0,1,212,-16.399,-71.5364
SITAJARA,0,0,1,212,-16.399,-71.5364
SUSAPAYA,0,0,1,212,-16.399,-71.5364
TARUCACHI,0,0,1,212,-16.399,-71.5364
TICACO,0,0,1,212,-16.399,-71.5364
TUMBES,0,0,1,213,-16.399,-71.5364
CORRALES,0,0,1,213,-16.399,-71.5364
LA CRUZ,0,0,1,213,-16.399,-71.5364
PAMPAS DE HOSPITAL,0,0,1,213,-16.399,-71.5364
SAN JACINTO,0,0,1,213,-16.399,-71.5364
SAN JUAN DE LA VIRGEN,0,0,1,213,-16.399,-71.5364
ZORRITOS,0,0,1,214,-16.399,-71.5364
CASITAS,0,0,1,214,-16.399,-71.5364
CANOAS DE PUNTA SAL,0,0,1,214,-16.399,-71.5364
ZARUMILLA,0,0,1,215,-16.399,-71.5364
AGUAS VERDES,0,0,1,215,-16.399,-71.5364
MATAPALO,0,0,1,215,-16.399,-71.5364
PAPAYAL,0,0,1,215,-16.399,-71.5364
CALLERIA,0,0,1,216,-16.399,-71.5364
CAMPOVERDE,0,0,1,216,-16.399,-71.5364
IPARIA,0,0,1,216,-16.399,-71.5364
MASISEA,0,0,1,216,-16.399,-71.5364
YARINACOCHA,0,0,1,216,-16.399,-71.5364
NUEVA REQUENA,0,0,1,216,-16.399,-71.5364
MANANTAY,0,0,1,216,-16.399,-71.5364
RAYMONDI,0,0,1,217,-16.399,-71.5364
SEPAHUA,0,0,1,217,-16.399,-71.5364
TAHUANIA,0,0,1,217,-16.399,-71.5364
YURUA,0,0,1,217,-16.399,-71.5364
PADRE ABAD,0,0,1,218,-16.399,-71.5364
IRAZOLA,0,0,1,218,-16.399,-71.5364
CURIMANA,0,0,1,218,-16.399,-71.5364
PURUS,0,0,1,219,-16.399,-71.5364
CALLAO,0,0,1,220,-16.399,-71.5364
BELLAVISTA,0,0,1,220,-16.399,-71.5364
CARMEN DE LA LEGUA REYNOSO,0,0,1,220,-16.399,-71.5364
LA PERLA,0,0,1,220,-16.399,-71.5364
LA PUNTA,0,0,1,220,-16.399,-71.5364
VENTANILLA,0,0,1,220,-16.399,-71.5364
